ArticleNumber,TxtURL,Year,VaaFieldName
1138,https://chroniclingamerica.loc.gov/lccn/sn84031492/1877-12-08/ed-1/seq-12/ocr.txt,1877,sn84031492_1877-12-08_ed-1_seq-12ocr.txt
1631,https://chroniclingamerica.loc.gov/lccn/sn83030313/1874-12-08/ed-1/seq-11/ocr.txt,1874,sn83030313_1874-12-08_ed-1_seq-11ocr.txt
1872,https://chroniclingamerica.loc.gov/lccn/sn2003060105/1881-12-16/ed-1/seq-1/ocr.txt,1881,sn2003060105_1881-12-16_ed-1_seq-ocr.txt
1879,https://chroniclingamerica.loc.gov/lccn/sn2008060934/1881-12-17/ed-1/seq-4/ocr.txt,1881,sn2008060934_1881-12-17_ed-1_seq-ocr.txt
1899,https://chroniclingamerica.loc.gov/lccn/sn83025287/1882-12-04/ed-1/seq-10/ocr.txt,1882,sn83025287_1882-12-04_ed-1_seq-10ocr.txt
1900,https://chroniclingamerica.loc.gov/lccn/sn83025287/1882-12-04/ed-1/seq-11/ocr.txt,1882,sn83025287_1882-12-04_ed-1_seq-11ocr.txt
2111,https://chroniclingamerica.loc.gov/lccn/sn2001061779/1884-12-02/ed-1/seq-1/ocr.txt,1884,sn2001061779_1884-12-02_ed-1_seq-ocr.txt
2133,https://chroniclingamerica.loc.gov/lccn/sn85026455/1884-12-04/ed-1/seq-10/ocr.txt,1884,sn85026455_1884-12-04_ed-1_seq-10ocr.txt
2142,https://chroniclingamerica.loc.gov/lccn/sn86086770/1884-12-04/ed-1/seq-10/ocr.txt,1884,sn86086770_1884-12-04_ed-1_seq-10ocr.txt
2150,https://chroniclingamerica.loc.gov/lccn/sn2001061779/1884-12-05/ed-1/seq-1/ocr.txt,1884,sn2001061779_1884-12-05_ed-1_seq-ocr.txt
2371,https://chroniclingamerica.loc.gov/lccn/sn85058117/1885-12-09/ed-1/seq-5/ocr.txt,1885,sn85058117_1885-12-09_ed-1_seq-5_ocr.txt
3534,https://chroniclingamerica.loc.gov/lccn/sn84020630/1911-12-08/ed-1/seq-4/ocr.txt,1911,sn84020630_1911-12-08_ed-1_seq-4_.txt
3535,https://chroniclingamerica.loc.gov/lccn/sn87096017/1911-12-07/ed-1/seq-1/ocr.txt,1911,sn87096017_1911-12-07_ed-1_seq-1_.txt
3536,https://chroniclingamerica.loc.gov/lccn/sn83025020/1911-12-15/ed-1/seq-1/ocr.txt,1911,sn83025020_1911-12-15_ed-1_seq-1_.txt
3537,https://chroniclingamerica.loc.gov/lccn/sn85042242/1911-12-05/ed-1/seq-8/ocr.txt,1911,sn85042242_1911-12-05_ed-1_seq-8_.txt
3538,https://chroniclingamerica.loc.gov/lccn/sn88086023/1911-12-16/ed-1/seq-1/ocr.txt,1911,sn88086023_1911-12-16_ed-1_seq-1_.txt
3539,https://chroniclingamerica.loc.gov/lccn/sn92053934/1911-12-07/ed-1/seq-1/ocr.txt,1911,sn92053934_1911-12-07_ed-1_seq-1_.txt
3540,https://chroniclingamerica.loc.gov/lccn/sn98062890/1911-12-14/ed-1/seq-6/ocr.txt,1911,sn98062890_1911-12-14_ed-1_seq-6_.txt
3541,https://chroniclingamerica.loc.gov/lccn/sn86058226/1911-12-05/ed-1/seq-1/ocr.txt,1911,sn86058226_1911-12-05_ed-1_seq-1_.txt
3542,https://chroniclingamerica.loc.gov/lccn/sn90059228/1911-12-07/ed-1/seq-3/ocr.txt,1911,sn90059228_1911-12-07_ed-1_seq-3_.txt
3543,https://chroniclingamerica.loc.gov/lccn/sn85066387/1911-12-06/ed-1/seq-6/ocr.txt,1911,sn85066387_1911-12-06_ed-1_seq-6_.txt
3544,https://chroniclingamerica.loc.gov/lccn/sn85049554/1911-12-07/ed-1/seq-6/ocr.txt,1911,sn85049554_1911-12-07_ed-1_seq-6_.txt
3545,https://chroniclingamerica.loc.gov/lccn/sn86058226/1911-12-18/ed-1/seq-4/ocr.txt,1911,sn86058226_1911-12-18_ed-1_seq-4_.txt
3546,https://chroniclingamerica.loc.gov/lccn/sn91066782/1911-12-05/ed-1/seq-3/ocr.txt,1911,sn91066782_1911-12-05_ed-1_seq-3_.txt
3547,https://chroniclingamerica.loc.gov/lccn/sn85052141/1911-12-07/ed-1/seq-12/ocr.txt,1911,sn85052141_1911-12-07_ed-1_seq-12_.txt
3548,https://chroniclingamerica.loc.gov/lccn/sn84020630/1911-12-05/ed-1/seq-1/ocr.txt,1911,sn84020630_1911-12-05_ed-1_seq-1_.txt
3549,https://chroniclingamerica.loc.gov/lccn/sn84022835/1911-12-07/ed-1/seq-2/ocr.txt,1911,sn84022835_1911-12-07_ed-1_seq-2_.txt
3550,https://chroniclingamerica.loc.gov/lccn/sn88084272/1911-12-05/ed-1/seq-1/ocr.txt,1911,sn88084272_1911-12-05_ed-1_seq-1_.txt
3551,https://chroniclingamerica.loc.gov/lccn/sn85033139/1911-12-14/ed-1/seq-2/ocr.txt,1911,sn85033139_1911-12-14_ed-1_seq-2_.txt
3552,https://chroniclingamerica.loc.gov/lccn/sn83025182/1911-12-11/ed-1/seq-1/ocr.txt,1911,sn83025182_1911-12-11_ed-1_seq-1_.txt
3553,https://chroniclingamerica.loc.gov/lccn/sn82016014/1911-12-18/ed-1/seq-6/ocr.txt,1911,sn82016014_1911-12-18_ed-1_seq-6_.txt
3554,https://chroniclingamerica.loc.gov/lccn/sn96088376/1911-12-08/ed-1/seq-4/ocr.txt,1911,sn96088376_1911-12-08_ed-1_seq-4_.txt
3555,https://chroniclingamerica.loc.gov/lccn/sn84026925/1911-12-08/ed-1/seq-1/ocr.txt,1911,sn84026925_1911-12-08_ed-1_seq-1_.txt
3556,https://chroniclingamerica.loc.gov/lccn/sn85066387/1911-12-17/ed-1/seq-45/ocr.txt,1911,sn85066387_1911-12-17_ed-1_seq-45_.txt
3557,https://chroniclingamerica.loc.gov/lccn/sn88085190/1911-12-08/ed-1/seq-2/ocr.txt,1911,sn88085190_1911-12-08_ed-1_seq-2_.txt
3558,https://chroniclingamerica.loc.gov/lccn/sn85042303/1911-12-05/ed-1/seq-5/ocr.txt,1911,sn85042303_1911-12-05_ed-1_seq-5_.txt
3559,https://chroniclingamerica.loc.gov/lccn/sn93057084/1911-12-14/ed-1/seq-3/ocr.txt,1911,sn93057084_1911-12-14_ed-1_seq-3_.txt
3560,https://chroniclingamerica.loc.gov/lccn/sn87008085/1911-12-07/ed-1/seq-9/ocr.txt,1911,sn87008085_1911-12-07_ed-1_seq-9_.txt
3561,https://chroniclingamerica.loc.gov/lccn/sn83045462/1911-12-06/ed-1/seq-1/ocr.txt,1911,sn83045462_1911-12-06_ed-1_seq-1_.txt
3562,https://chroniclingamerica.loc.gov/lccn/sn84023253/1911-12-06/ed-1/seq-2/ocr.txt,1911,sn84023253_1911-12-06_ed-1_seq-2_.txt
3563,https://chroniclingamerica.loc.gov/lccn/sn92053934/1911-12-05/ed-1/seq-1/ocr.txt,1911,sn92053934_1911-12-05_ed-1_seq-1_.txt
3564,https://chroniclingamerica.loc.gov/lccn/sn82016014/1911-12-05/ed-1/seq-11/ocr.txt,1911,sn82016014_1911-12-05_ed-1_seq-11_.txt
3565,https://chroniclingamerica.loc.gov/lccn/sn83030272/1911-12-08/ed-1/seq-4/ocr.txt,1911,sn83030272_1911-12-08_ed-1_seq-4_.txt
3566,https://chroniclingamerica.loc.gov/lccn/sn89058321/1911-12-15/ed-1/seq-1/ocr.txt,1911,sn89058321_1911-12-15_ed-1_seq-1_.txt
3567,https://chroniclingamerica.loc.gov/lccn/sn84026749/1911-12-14/ed-1/seq-11/ocr.txt,1911,sn84026749_1911-12-14_ed-1_seq-11_.txt
3568,https://chroniclingamerica.loc.gov/lccn/sn84031081/1911-12-11/ed-1/seq-5/ocr.txt,1911,sn84031081_1911-12-11_ed-1_seq-5_.txt
3569,https://chroniclingamerica.loc.gov/lccn/sn82016014/1911-12-05/ed-1/seq-9/ocr.txt,1911,sn82016014_1911-12-05_ed-1_seq-9_.txt
3570,https://chroniclingamerica.loc.gov/lccn/sn85053157/1911-12-06/ed-1/seq-1/ocr.txt,1911,sn85053157_1911-12-06_ed-1_seq-1_.txt
3571,https://chroniclingamerica.loc.gov/lccn/sn89081022/1911-12-06/ed-1/seq-10/ocr.txt,1911,sn89081022_1911-12-06_ed-1_seq-10_.txt
3572,https://chroniclingamerica.loc.gov/lccn/sn86076366/1911-12-08/ed-1/seq-2/ocr.txt,1911,sn86076366_1911-12-08_ed-1_seq-2_.txt
3573,https://chroniclingamerica.loc.gov/lccn/sn99063957/1911-12-05/ed-1/seq-8/ocr.txt,1911,sn99063957_1911-12-05_ed-1_seq-8_.txt
3574,https://chroniclingamerica.loc.gov/lccn/sn87078082/1911-12-15/ed-1/seq-8/ocr.txt,1911,sn87078082_1911-12-15_ed-1_seq-8_.txt
3575,https://chroniclingamerica.loc.gov/lccn/sn85049554/1911-12-05/ed-1/seq-4/ocr.txt,1911,sn85049554_1911-12-05_ed-1_seq-4_.txt
3576,https://chroniclingamerica.loc.gov/lccn/sn84020558/1911-12-06/ed-1/seq-1/ocr.txt,1911,sn84020558_1911-12-06_ed-1_seq-1_.txt
3577,https://chroniclingamerica.loc.gov/lccn/sn86086633/1911-12-06/ed-1/seq-4/ocr.txt,1911,sn86086633_1911-12-06_ed-1_seq-4_.txt
3578,https://chroniclingamerica.loc.gov/lccn/sn2001063133/1911-12-07/ed-1/seq-3/ocr.txt,1911,sn2001063133_1911-12-07_ed-1_seq-3_.txt
3579,https://chroniclingamerica.loc.gov/lccn/sn85042373/1911-12-05/ed-1/seq-1/ocr.txt,1911,sn85042373_1911-12-05_ed-1_seq-1_.txt
3580,https://chroniclingamerica.loc.gov/lccn/sn88085445/1911-12-14/ed-1/seq-2/ocr.txt,1911,sn88085445_1911-12-14_ed-1_seq-2_.txt
3581,https://chroniclingamerica.loc.gov/lccn/sn85066387/1911-12-16/ed-1/seq-9/ocr.txt,1911,sn85066387_1911-12-16_ed-1_seq-9_.txt
3582,https://chroniclingamerica.loc.gov/lccn/sn85033139/1911-12-07/ed-1/seq-2/ocr.txt,1911,sn85033139_1911-12-07_ed-1_seq-2_.txt
3583,https://chroniclingamerica.loc.gov/lccn/sn86091195/1911-12-07/ed-1/seq-12/ocr.txt,1911,sn86091195_1911-12-07_ed-1_seq-12_.txt
4938,https://chroniclingamerica.loc.gov/lccn/sn84026853/1919-12-02/ed-1/seq-1/ocr.txt,1919,sn84026853_1919-12-02_ed-1_seq-1_ocr.txt
6877,https://chroniclingamerica.loc.gov/lccn/sn83045462/1897-12-07/ed-1/seq-13/ocr.txt,1897,sn83045462_1897-12-07_ed-1_seq-13ocr.txt
6893,https://chroniclingamerica.loc.gov/lccn/sn84029386/1897-12-16/ed-1/seq-10/ocr.txt,1897,sn84029386_1897-12-16_ed-1_seq-10ocr.txt
7176,https://chroniclingamerica.loc.gov/lccn/sn82015104/1898-12-06/ed-1/seq-12/ocr.txt,1898,sn82015104_1898-12-06_ed-1_seq-12ocr.txt
7364,https://chroniclingamerica.loc.gov/lccn/sn85066387/1905-12-10/ed-1/seq-3/OCR.txt,1905,sn85066387_1905-12-10_ed-1_seq-3_OCR.txt
7369,https://chroniclingamerica.loc.gov/lccn/sn85066387/1905-12-17/ed-1/seq-7/OCR.txt,1905,sn85066387_1905-12-17_ed-1_seq-7_OCR.txt
8302,https://chroniclingamerica.loc.gov/lccn/sn84024271/1906-12-14/ed-1/seq-1/OCR.txt,1906,sn84024271_1906-12-14_ed-1_seq-1_OCR.txt
8305,https://chroniclingamerica.loc.gov/lccn/sn85034375/1906-12-08/ed-1/seq-1/OCR.txt,1906,sn85034375_1906-12-08_ed-1_seq-1_OCR.txt
8364,https://chroniclingamerica.loc.gov/lccn/sn89066489/1905-12-07/ed-1/seq-1/OCR.txt,1905,sn89066489_1905-12-07_ed-1_seq-1_OCR.txt
8980,https://chroniclingamerica.loc.gov/lccn/sn84026853/1907-12-11/ed-1/seq-1/OCR.txt,1907,sn84026853_1907-12-11_ed-1_seq-1_OCR.txt
9033,https://chroniclingamerica.loc.gov/lccn/sn2001063112/1908-12-11/ed-1/seq-1/OCR.txt,1908,sn2001063112_1908-12-11_ed-1_seq_OCR.txt
9036,https://chroniclingamerica.loc.gov/lccn/sn2001063133/1908-12-10/ed-1/seq-1/OCR.txt,1908,sn2001063133_1908-12-10_ed-1_seq_OCR.txt
9583,https://chroniclingamerica.loc.gov/lccn/sn83045462/1899-12-07/ed-1/seq-15/ocr.txt,1899,sn83045462_1899-12-07_ed-1_seq-15ocr.txt
10393,https://chroniclingamerica.loc.gov/lccn/2001063112/1901-12-06/ed-1/seq-5/ocr.txt,1901,2001063112_1901-12-06_ed-1_seq-5_ocr.txt
10425,https://chroniclingamerica.loc.gov/lccn/2001063112/1901-12-13/ed-1/seq-4/ocr.txt,1901,2001063112_1901-12-13_ed-1_seq-4_ocr.txt
10446,https://chroniclingamerica.loc.gov/lccn/2001063112/1901-12-06/ed-1/seq-4/ocr.txt,1901,2001063112_1901-12-06_ed-1_seq-4_ocr.txt
10592,https://chroniclingamerica.loc.gov/lccn/2001063133/1901-12-12/ed-1/seq-2/ocr.txt,1901,2001063133_1901-12-12_ed-1_seq-2_ocr.txt
10799,https://chroniclingamerica.loc.gov/lccn/sn84036276/1902-12-05/ed-1/seq-4/ocr.txt,1901,sn84036276_1901-12-05_ed-1_seq-4_ocr.txt
10800,https://chroniclingamerica.loc.gov/lccn/sn89081022/1902-12-06/ed-1/seq-4/ocr.txt,1901,sn89081022_1901-12-06_ed-1_seq-4_ocr.txt
10801,https://chroniclingamerica.loc.gov/lccn/sn46032385/1902-12-19/ed-1/seq-3/ocr.txt,1901,sn46032385_1901-12-19_ed-1_seq-3_ocr.txt
10802,https://chroniclingamerica.loc.gov/lccn/sn84021930/1902-12-17/ed-1/seq-1/ocr.txt,1901,sn84021930_1901-12-17_ed-1_seq-1_ocr.txt
10803,https://chroniclingamerica.loc.gov/lccn/sn86061214/1902-12-11/ed-1/seq-10/ocr.txt,1901,sn86061214_1901-12-11_ed-1_seq-10_ocr.txt
10804,https://chroniclingamerica.loc.gov/lccn/sn83040052/1902-12-12/ed-1/seq-4/ocr.txt,1901,sn83040052_1901-12-12_ed-1_seq-4_ocr.txt
10805,https://chroniclingamerica.loc.gov/lccn/sn88076341/1902-12-18/ed-1/seq-1/ocr.txt,1901,sn88076341_1901-12-18_ed-1_seq-1_ocr.txt
10806,https://chroniclingamerica.loc.gov/lccn/sn84024283/1902-12-18/ed-1/seq-7/ocr.txt,1901,sn84024283_1901-12-18_ed-1_seq-7_ocr.txt
10807,https://chroniclingamerica.loc.gov/lccn/sn85033295/1902-12-06/ed-1/seq-6/ocr.txt,1901,sn85033295_1901-12-06_ed-1_seq-6_ocr.txt
10809,https://chroniclingamerica.loc.gov/lccn/sn96077142/1902-12-13/ed-1/seq-2/ocr.txt,1901,sn96077142_1901-12-13_ed-1_seq-2_ocr.txt
10811,https://chroniclingamerica.loc.gov/lccn/sn87056244/1902-12-18/ed-1/seq-1/ocr.txt,1901,sn87056244_1901-12-18_ed-1_seq-1_ocr.txt
10812,https://chroniclingamerica.loc.gov/lccn/sn84036276/1902-12-12/ed-1/seq-4/ocr.txt,1901,sn84036276_1901-12-12_ed-1_seq-4_ocr.txt
10813,https://chroniclingamerica.loc.gov/lccn/sn89058250/1902-12-11/ed-1/seq-1/ocr.txt,1901,sn89058250_1901-12-11_ed-1_seq-1_ocr.txt
10815,https://chroniclingamerica.loc.gov/lccn/sn85030529/1902-12-12/ed-1/seq-9/ocr.txt,1901,sn85030529_1901-12-12_ed-1_seq-9_ocr.txt
10817,https://chroniclingamerica.loc.gov/lccn/sn83025121/1902-12-12/ed-1/seq-3/ocr.txt,1901,sn83025121_1901-12-12_ed-1_seq-3_ocr.txt
10818,https://chroniclingamerica.loc.gov/lccn/sn86069457/1902-12-11/ed-1/seq-16/ocr.txt,1901,sn86069457_1901-12-11_ed-1_seq-16_ocr.txt
10819,https://chroniclingamerica.loc.gov/lccn/sn90059959/1902-12-06/ed-1/seq-4/ocr.txt,1901,sn90059959_1901-12-06_ed-1_seq-4_ocr.txt
10820,https://chroniclingamerica.loc.gov/lccn/sn87078321/1902-12-10/ed-1/seq-6/ocr.txt,1901,sn87078321_1901-12-10_ed-1_seq-6_ocr.txt
10821,https://chroniclingamerica.loc.gov/lccn/sn85033139/1902-12-18/ed-1/seq-4/ocr.txt,1901,sn85033139_1901-12-18_ed-1_seq-4_ocr.txt
10822,https://chroniclingamerica.loc.gov/lccn/sn85025620/1902-12-12/ed-1/seq-4/ocr.txt,1901,sn85025620_1901-12-12_ed-1_seq-4_ocr.txt
10823,https://chroniclingamerica.loc.gov/lccn/sn88056092/1902-12-05/ed-1/seq-4/ocr.txt,1901,sn88056092_1901-12-05_ed-1_seq-4_ocr.txt
10824,https://chroniclingamerica.loc.gov/lccn/sn84026912/1902-12-10/ed-1/seq-1/ocr.txt,1901,sn84026912_1901-12-10_ed-1_seq-1_ocr.txt
10825,https://chroniclingamerica.loc.gov/lccn/sn88056095/1902-12-06/ed-1/seq-1/ocr.txt,1901,sn88056095_1901-12-06_ed-1_seq-1_ocr.txt
10826,https://chroniclingamerica.loc.gov/lccn/sn85033078/1902-12-11/ed-1/seq-2/ocr.txt,1901,sn85033078_1901-12-11_ed-1_seq-2_ocr.txt
10828,https://chroniclingamerica.loc.gov/lccn/sn89066321/1902-12-05/ed-1/seq-2/ocr.txt,1901,sn89066321_1901-12-05_ed-1_seq-2_ocr.txt
10829,https://chroniclingamerica.loc.gov/lccn/sn89060124/1902-12-05/ed-1/seq-2/ocr.txt,1901,sn89060124_1901-12-05_ed-1_seq-2_ocr.txt
10830,https://chroniclingamerica.loc.gov/lccn/sn88056092/1902-12-05/ed-1/seq-1/ocr.txt,1901,sn88056092_1901-12-05_ed-1_seq-1_ocr.txt
10831,https://chroniclingamerica.loc.gov/lccn/sn83040592/1902-12-06/ed-1/seq-8/ocr.txt,1901,sn83040592_1901-12-06_ed-1_seq-8_ocr.txt
10833,https://chroniclingamerica.loc.gov/lccn/sn00065127/1902-12-12/ed-1/seq-11/ocr.txt,1901,sn00065127_1901-12-12_ed-1_seq-11_ocr.txt
10834,https://chroniclingamerica.loc.gov/lccn/sn89060124/1902-12-19/ed-1/seq-2/ocr.txt,1901,sn89060124_1901-12-19_ed-1_seq-2_ocr.txt
10835,https://chroniclingamerica.loc.gov/lccn/sn84036008/1902-12-16/ed-1/seq-7/ocr.txt,1901,sn84036008_1901-12-16_ed-1_seq-7_ocr.txt
10836,https://chroniclingamerica.loc.gov/lccn/sn84038306/1902-12-17/ed-1/seq-2/ocr.txt,1901,sn84038306_1901-12-17_ed-1_seq-2_ocr.txt
10837,https://chroniclingamerica.loc.gov/lccn/sn96077142/1902-12-06/ed-1/seq-2/ocr.txt,1901,sn96077142_1901-12-06_ed-1_seq-2_ocr.txt
10839,https://chroniclingamerica.loc.gov/lccn/sn83040198/1902-12-12/ed-1/seq-3/ocr.txt,1901,sn83040198_1901-12-12_ed-1_seq-3_ocr.txt
10840,https://chroniclingamerica.loc.gov/lccn/sn84036228/1902-12-10/ed-1/seq-6/ocr.txt,1901,sn84036228_1901-12-10_ed-1_seq-6_ocr.txt
10841,https://chroniclingamerica.loc.gov/lccn/2010270504/1902-12-08/ed-1/seq-1/ocr.txt,1901,2010270504_1901-12-08_ed-1_seq-1_ocr.txt
10842,https://chroniclingamerica.loc.gov/lccn/sn89066129/1902-12-06/ed-1/seq-2/ocr.txt,1901,sn89066129_1901-12-06_ed-1_seq-2_ocr.txt
10843,https://chroniclingamerica.loc.gov/lccn/sn84036008/1902-12-05/ed-1/seq-4/ocr.txt,1901,sn84036008_1901-12-05_ed-1_seq-4_ocr.txt
10844,https://chroniclingamerica.loc.gov/lccn/sn88085947/1902-12-20/ed-1/seq-1/ocr.txt,1901,sn88085947_1901-12-20_ed-1_seq-1_ocr.txt
10845,https://chroniclingamerica.loc.gov/lccn/sn91068367/1902-12-05/ed-1/seq-2/ocr.txt,1901,sn91068367_1901-12-05_ed-1_seq-2_ocr.txt
10846,https://chroniclingamerica.loc.gov/lccn/sn86063760/1902-12-10/ed-1/seq-1/ocr.txt,1901,sn86063760_1901-12-10_ed-1_seq-1_ocr.txt
10847,https://chroniclingamerica.loc.gov/lccn/sn82015080/1902-12-10/ed-1/seq-2/ocr.txt,1901,sn82015080_1901-12-10_ed-1_seq-2_ocr.txt
10849,https://chroniclingamerica.loc.gov/lccn/sn94056415/1902-12-05/ed-1/seq-2/ocr.txt,1901,sn94056415_1901-12-05_ed-1_seq-2_ocr.txt
10850,https://chroniclingamerica.loc.gov/lccn/sn89066129/1902-12-13/ed-1/seq-3/ocr.txt,1901,sn89066129_1901-12-13_ed-1_seq-3_ocr.txt
10851,https://chroniclingamerica.loc.gov/lccn/sn85025371/1902-12-10/ed-1/seq-1/ocr.txt,1901,sn85025371_1901-12-10_ed-1_seq-1_ocr.txt
10852,https://chroniclingamerica.loc.gov/lccn/sn84022770/1902-12-12/ed-1/seq-4/ocr.txt,1901,sn84022770_1901-12-12_ed-1_seq-4_ocr.txt
10853,https://chroniclingamerica.loc.gov/lccn/sn89081022/1902-12-17/ed-1/seq-2/ocr.txt,1901,sn89081022_1901-12-17_ed-1_seq-2_ocr.txt
10854,https://chroniclingamerica.loc.gov/lccn/sn85030287/1902-12-11/ed-1/seq-3/ocr.txt,1901,sn85030287_1901-12-11_ed-1_seq-3_ocr.txt
10855,https://chroniclingamerica.loc.gov/lccn/sn85034375/1902-12-13/ed-1/seq-3/ocr.txt,1901,sn85034375_1901-12-13_ed-1_seq-3_ocr.txt
10857,https://chroniclingamerica.loc.gov/lccn/sn93051660/1902-12-05/ed-1/seq-1/ocr.txt,1901,sn93051660_1901-12-05_ed-1_seq-1_ocr.txt
10858,https://chroniclingamerica.loc.gov/lccn/sn97071110/1902-12-05/ed-1/seq-1/ocr.txt,1901,sn97071110_1901-12-05_ed-1_seq-1_ocr.txt
10860,https://chroniclingamerica.loc.gov/lccn/sn82015679/1902-12-07/ed-1/seq-19/ocr.txt,1901,sn82015679_1901-12-07_ed-1_seq-19_ocr.txt
10861,https://chroniclingamerica.loc.gov/lccn/sn88056165/1902-12-05/ed-1/seq-4/ocr.txt,1901,sn88056165_1901-12-05_ed-1_seq-4_ocr.txt
10862,https://chroniclingamerica.loc.gov/lccn/sn82016014/1902-12-06/ed-1/seq-9/ocr.txt,1901,sn82016014_1901-12-06_ed-1_seq-9_ocr.txt
10863,https://chroniclingamerica.loc.gov/lccn/sn89066129/1902-12-13/ed-1/seq-4/ocr.txt,1901,sn89066129_1901-12-13_ed-1_seq-4_ocr.txt
10864,https://chroniclingamerica.loc.gov/lccn/sn83032040/1902-12-11/ed-1/seq-1/ocr.txt,1901,sn83032040_1901-12-11_ed-1_seq-1_ocr.txt
10865,https://chroniclingamerica.loc.gov/lccn/sn89060136/1902-12-05/ed-1/seq-2/ocr.txt,1901,sn89060136_1901-12-05_ed-1_seq-2_ocr.txt
10866,https://chroniclingamerica.loc.gov/lccn/sn86081889/1902-12-18/ed-1/seq-2/ocr.txt,1901,sn86081889_1901-12-18_ed-1_seq-2_ocr.txt
10867,https://chroniclingamerica.loc.gov/lccn/sn93067634/1902-12-11/ed-1/seq-1/ocr.txt,1901,sn93067634_1901-12-11_ed-1_seq-1_ocr.txt
10868,https://chroniclingamerica.loc.gov/lccn/sn86061214/1902-12-18/ed-1/seq-10/ocr.txt,1901,sn86061214_1901-12-18_ed-1_seq-10_ocr.txt
10869,https://chroniclingamerica.loc.gov/lccn/sn95079154/1902-12-18/ed-1/seq-1/ocr.txt,1901,sn95079154_1901-12-18_ed-1_seq-1_ocr.txt
10871,https://chroniclingamerica.loc.gov/lccn/sn85038292/1902-12-06/ed-1/seq-2/ocr.txt,1901,sn85038292_1901-12-06_ed-1_seq-2_ocr.txt
10871,https://chroniclingamerica.loc.gov/lccn/sn85038292/1902-12-06/ed-1/seq-2/ocr.txt,1901,sn85038292_1901-12-06_ed-1_seq-2_ocr.txt
10872,https://chroniclingamerica.loc.gov/lccn/sn91068367/1902-12-19/ed-1/seq-5/ocr.txt,1901,sn91068367_1901-12-19_ed-1_seq-5_ocr.txt
10873,https://chroniclingamerica.loc.gov/lccn/sn86069180/1902-12-06/ed-1/seq-1/ocr.txt,1901,sn86069180_1901-12-06_ed-1_seq-1_ocr.txt
10874,https://chroniclingamerica.loc.gov/lccn/sn83016107/1902-12-05/ed-1/seq-2/ocr.txt,1901,sn83016107_1901-12-05_ed-1_seq-2_ocr.txt
10876,https://chroniclingamerica.loc.gov/lccn/sn83045462/1902-12-17/ed-1/seq-17/ocr.txt,1901,sn83045462_1901-12-17_ed-1_seq-17_ocr.txt
10878,https://chroniclingamerica.loc.gov/lccn/sn89058007/1902-12-05/ed-1/seq-1/ocr.txt,1901,sn89058007_1901-12-05_ed-1_seq-1_ocr.txt
10879,https://chroniclingamerica.loc.gov/lccn/sn84025841/1902-12-06/ed-1/seq-4/ocr.txt,1901,sn84025841_1901-12-06_ed-1_seq-4_ocr.txt
10881,https://chroniclingamerica.loc.gov/lccn/sn84026758/1902-12-20/ed-1/seq-8/ocr.txt,1901,sn84026758_1901-12-20_ed-1_seq-8_ocr.txt
10882,https://chroniclingamerica.loc.gov/lccn/sn85038119/1902-12-11/ed-1/seq-2/ocr.txt,1901,sn85038119_1901-12-11_ed-1_seq-2_ocr.txt
10884,https://chroniclingamerica.loc.gov/lccn/sn86061214/1902-12-09/ed-1/seq-5/ocr.txt,1901,sn86061214_1901-12-09_ed-1_seq-5_ocr.txt
10886,https://chroniclingamerica.loc.gov/lccn/sn83016107/1902-12-19/ed-1/seq-2/ocr.txt,1901,sn83016107_1901-12-19_ed-1_seq-2_ocr.txt
10888,https://chroniclingamerica.loc.gov/lccn/sn88085947/1902-12-12/ed-1/seq-1/ocr.txt,1901,sn88085947_1901-12-12_ed-1_seq-1_ocr.txt
10889,https://chroniclingamerica.loc.gov/lccn/sn87060190/1902-12-15/ed-1/seq-1/ocr.txt,1901,sn87060190_1901-12-15_ed-1_seq-1_ocr.txt
10890,https://chroniclingamerica.loc.gov/lccn/sn86071045/1902-12-11/ed-1/seq-2/ocr.txt,1901,sn86071045_1901-12-11_ed-1_seq-2_ocr.txt
10892,https://chroniclingamerica.loc.gov/lccn/sn97065832/1902-12-05/ed-1/seq-5/ocr.txt,1901,sn97065832_1901-12-05_ed-1_seq-5_ocr.txt
10893,https://chroniclingamerica.loc.gov/lccn/sn92053934/1902-12-13/ed-1/seq-25/ocr.txt,1901,sn92053934_1901-12-13_ed-1_seq-25_ocr.txt
10894,https://chroniclingamerica.loc.gov/lccn/sn85038119/1902-12-11/ed-1/seq-3/ocr.txt,1901,sn85038119_1901-12-11_ed-1_seq-3_ocr.txt
10897,https://chroniclingamerica.loc.gov/lccn/sn93062856/1902-12-06/ed-1/seq-4/ocr.txt,1901,sn93062856_1901-12-06_ed-1_seq-4_ocr.txt
10901,https://chroniclingamerica.loc.gov/lccn/sn84026853/1902-12-17/ed-1/seq-7/ocr.txt,1901,sn84026853_1901-12-17_ed-1_seq-7_ocr.txt
10902,https://chroniclingamerica.loc.gov/lccn/sn82014689/1902-12-20/ed-1/seq-3/ocr.txt,1901,sn82014689_1901-12-20_ed-1_seq-3_ocr.txt
10904,https://chroniclingamerica.loc.gov/lccn/sn87065677/1902-12-06/ed-1/seq-1/ocr.txt,1901,sn87065677_1901-12-06_ed-1_seq-1_ocr.txt
10905,https://chroniclingamerica.loc.gov/lccn/sn83045462/1902-12-06/ed-1/seq-18/ocr.txt,1901,sn83045462_1901-12-06_ed-1_seq-18_ocr.txt
10906,https://chroniclingamerica.loc.gov/lccn/sn98060050/1902-12-05/ed-1/seq-3/ocr.txt,1901,sn98060050_1901-12-05_ed-1_seq-3_ocr.txt
10907,https://chroniclingamerica.loc.gov/lccn/sn86072143/1902-12-11/ed-1/seq-7/ocr.txt,1901,sn86072143_1901-12-11_ed-1_seq-7_ocr.txt
10909,https://chroniclingamerica.loc.gov/lccn/sn84024720/1902-12-12/ed-1/seq-3/ocr.txt,1901,sn84024720_1901-12-12_ed-1_seq-3_ocr.txt
10910,https://chroniclingamerica.loc.gov/lccn/sn85034374/1902-12-06/ed-1/seq-5/ocr.txt,1901,sn85034374_1901-12-06_ed-1_seq-5_ocr.txt
10912,https://chroniclingamerica.loc.gov/lccn/sn87093056/1902-12-17/ed-1/seq-1/ocr.txt,1901,sn87093056_1901-12-17_ed-1_seq-1_ocr.txt
10913,https://chroniclingamerica.loc.gov/lccn/sn88056165/1902-12-19/ed-1/seq-2/ocr.txt,1901,sn88056165_1901-12-19_ed-1_seq-2_ocr.txt
10914,https://chroniclingamerica.loc.gov/lccn/sn87052181/1902-12-06/ed-1/seq-1/ocr.txt,1901,sn87052181_1901-12-06_ed-1_seq-1_ocr.txt
10915,https://chroniclingamerica.loc.gov/lccn/sn84037890/1902-12-10/ed-1/seq-2/ocr.txt,1901,sn84037890_1901-12-10_ed-1_seq-2_ocr.txt
10917,https://chroniclingamerica.loc.gov/lccn/sn83045366/1902-12-15/ed-1/seq-5/ocr.txt,1901,sn83045366_1901-12-15_ed-1_seq-5_ocr.txt
10918,https://chroniclingamerica.loc.gov/lccn/sn84028490/1902-12-05/ed-1/seq-6/ocr.txt,1901,sn84028490_1901-12-05_ed-1_seq-6_ocr.txt
10923,https://chroniclingamerica.loc.gov/lccn/sn86090503/1902-12-13/ed-1/seq-2/ocr.txt,1901,sn86090503_1901-12-13_ed-1_seq-2_ocr.txt
10929,https://chroniclingamerica.loc.gov/lccn/sn83045462/1902-12-06/ed-1/seq-27/ocr.txt,1901,sn83045462_1901-12-06_ed-1_seq-27_ocr.txt
10930,https://chroniclingamerica.loc.gov/lccn/sn88076013/1902-12-20/ed-1/seq-1/ocr.txt,1901,sn88076013_1901-12-20_ed-1_seq-1_ocr.txt
10931,https://chroniclingamerica.loc.gov/lccn/sn92070464/1902-12-06/ed-1/seq-1/ocr.txt,1901,sn92070464_1901-12-06_ed-1_seq-1_ocr.txt
10932,https://chroniclingamerica.loc.gov/lccn/sn89081022/1902-12-20/ed-1/seq-2/ocr.txt,1901,sn89081022_1901-12-20_ed-1_seq-2_ocr.txt
10933,https://chroniclingamerica.loc.gov/lccn/sn82016357/1902-12-06/ed-1/seq-1/ocr.txt,1901,sn82016357_1901-12-06_ed-1_seq-1_ocr.txt
10937,https://chroniclingamerica.loc.gov/lccn/sn85038292/1902-12-13/ed-1/seq-4/ocr.txt,1901,sn85038292_1901-12-13_ed-1_seq-4_ocr.txt
10940,https://chroniclingamerica.loc.gov/lccn/sn95073194/1902-12-10/ed-1/seq-4/ocr.txt,1901,sn95073194_1901-12-10_ed-1_seq-4_ocr.txt
10941,https://chroniclingamerica.loc.gov/lccn/sn88085460/1902-12-05/ed-1/seq-4/ocr.txt,1901,sn88085460_1901-12-05_ed-1_seq-4_ocr.txt
10942,https://chroniclingamerica.loc.gov/lccn/sn85049554/1902-12-15/ed-1/seq-1/ocr.txt,1901,sn85049554_1901-12-15_ed-1_seq-1_ocr.txt
10944,https://chroniclingamerica.loc.gov/lccn/sn85029677/1902-12-11/ed-1/seq-6/ocr.txt,1901,sn85029677_1901-12-11_ed-1_seq-6_ocr.txt
10945,https://chroniclingamerica.loc.gov/lccn/sn87056244/1902-12-11/ed-1/seq-2/ocr.txt,1901,sn87056244_1901-12-11_ed-1_seq-2_ocr.txt
10947,https://chroniclingamerica.loc.gov/lccn/sn84026925/1902-12-10/ed-1/seq-2/ocr.txt,1901,sn84026925_1901-12-10_ed-1_seq-2_ocr.txt
10948,https://chroniclingamerica.loc.gov/lccn/sn82014635/1902-12-07/ed-1/seq-20/ocr.txt,1901,sn82014635_1901-12-07_ed-1_seq-20_ocr.txt
10949,https://chroniclingamerica.loc.gov/lccn/sn86069873/1902-12-16/ed-1/seq-3/ocr.txt,1901,sn86069873_1901-12-16_ed-1_seq-3_ocr.txt
10953,https://chroniclingamerica.loc.gov/lccn/sn98069055/1902-12-05/ed-1/seq-2/ocr.txt,1901,sn98069055_1901-12-05_ed-1_seq-2_ocr.txt
10954,https://chroniclingamerica.loc.gov/lccn/sn86072143/1902-12-11/ed-1/seq-3/ocr.txt,1901,sn86072143_1901-12-11_ed-1_seq-3_ocr.txt
10955,https://chroniclingamerica.loc.gov/lccn/sn83016107/1902-12-12/ed-1/seq-3/ocr.txt,1901,sn83016107_1901-12-12_ed-1_seq-3_ocr.txt
10956,https://chroniclingamerica.loc.gov/lccn/sn83025294/1902-12-06/ed-1/seq-12/ocr.txt,1901,sn83025294_1901-12-06_ed-1_seq-12_ocr.txt
10957,https://chroniclingamerica.loc.gov/lccn/sn88053046/1902-12-18/ed-1/seq-3/ocr.txt,1901,sn88053046_1901-12-18_ed-1_seq-3_ocr.txt
10959,https://chroniclingamerica.loc.gov/lccn/sn84024283/1902-12-11/ed-1/seq-6/ocr.txt,1901,sn84024283_1901-12-11_ed-1_seq-6_ocr.txt
10961,https://chroniclingamerica.loc.gov/lccn/sn84026749/1902-12-06/ed-1/seq-14/ocr.txt,1901,sn84026749_1901-12-06_ed-1_seq-14_ocr.txt
10962,https://chroniclingamerica.loc.gov/lccn/sn90061371/1902-12-10/ed-1/seq-2/ocr.txt,1901,sn90061371_1901-12-10_ed-1_seq-2_ocr.txt
10964,https://chroniclingamerica.loc.gov/lccn/sn89066489/1902-12-18/ed-1/seq-11/ocr.txt,1901,sn89066489_1901-12-18_ed-1_seq-11_ocr.txt
10965,https://chroniclingamerica.loc.gov/lccn/sn83040198/1902-12-19/ed-1/seq-7/ocr.txt,1901,sn83040198_1901-12-19_ed-1_seq-7_ocr.txt
10966,https://chroniclingamerica.loc.gov/lccn/sn85058130/1902-12-16/ed-1/seq-2/ocr.txt,1901,sn85058130_1901-12-16_ed-1_seq-2_ocr.txt
10968,https://chroniclingamerica.loc.gov/lccn/sn99021999/1902-12-07/ed-1/seq-16/ocr.txt,1901,sn99021999_1901-12-07_ed-1_seq-16_ocr.txt
10969,https://chroniclingamerica.loc.gov/lccn/sn84026749/1902-12-11/ed-1/seq-1/ocr.txt,1901,sn84026749_1901-12-11_ed-1_seq-1_ocr.txt
10970,https://chroniclingamerica.loc.gov/lccn/sn86086852/1902-12-11/ed-1/seq-4/ocr.txt,1901,sn86086852_1901-12-11_ed-1_seq-4_ocr.txt
11157,https://chroniclingamerica.loc.gov/lccn/sn85066387/1903-12-08/ed-1/seq-7/ocr.txt,1901,sn85066387_1901-12-08_ed-1_seq-7_ocr.txt
10974,https://chroniclingamerica.loc.gov/lccn/sn92073049/1903-12-15/ed-1/seq-8/ocr.txt,1901,sn92073049_1901-12-15_ed-1_seq-8_ocr.txt
10975,https://chroniclingamerica.loc.gov/lccn/sn86063758/1903-12-11/ed-1/seq-4/ocr.txt,1901,sn86063758_1901-12-11_ed-1_seq-4_ocr.txt
10976,https://chroniclingamerica.loc.gov/lccn/sn83045462/1903-12-08/ed-1/seq-13/ocr.txt,1901,sn83045462_1901-12-08_ed-1_seq-13_ocr.txt
10978,https://chroniclingamerica.loc.gov/lccn/sn85053117/1903-12-10/ed-1/seq-4/ocr.txt,1901,sn85053117_1901-12-10_ed-1_seq-4_ocr.txt
10980,https://chroniclingamerica.loc.gov/lccn/sn86091109/1903-12-10/ed-1/seq-4/ocr.txt,1901,sn86091109_1901-12-10_ed-1_seq-4_ocr.txt
10982,https://chroniclingamerica.loc.gov/lccn/sn85038153/1903-12-11/ed-1/seq-2/ocr.txt,1901,sn85038153_1901-12-11_ed-1_seq-2_ocr.txt
10983,https://chroniclingamerica.loc.gov/lccn/sn46032385/1903-12-18/ed-1/seq-12/ocr.txt,1901,sn46032385_1901-12-18_ed-1_seq-12_ocr.txt
11444,https://chroniclingamerica.loc.gov/lccn/sn86061215/1904-12-17/ed-1/seq-3/ocr.txt,1901,sn86061215_1901-12-17_ed-1_seq-3_ocr.txt
10986,https://chroniclingamerica.loc.gov/lccn/sn88076432/1903-12-10/ed-1/seq-2/ocr.txt,1901,sn88076432_1901-12-10_ed-1_seq-2_ocr.txt
10987,https://chroniclingamerica.loc.gov/lccn/sn85047084/1903-12-22/ed-1/seq-4/ocr.txt,1901,sn85047084_1901-12-22_ed-1_seq-4_ocr.txt
10988,https://chroniclingamerica.loc.gov/lccn/sn92061679/1903-12-11/ed-1/seq-7/ocr.txt,1901,sn92061679_1901-12-11_ed-1_seq-7_ocr.txt
10990,https://chroniclingamerica.loc.gov/lccn/sn92073049/1903-12-15/ed-1/seq-4/ocr.txt,1901,sn92073049_1901-12-15_ed-1_seq-4_ocr.txt
10992,https://chroniclingamerica.loc.gov/lccn/sn86061215/1903-12-12/ed-1/seq-3/ocr.txt,1901,sn86061215_1901-12-12_ed-1_seq-3_ocr.txt
10993,https://chroniclingamerica.loc.gov/lccn/sn87056244/1903-12-10/ed-1/seq-4/ocr.txt,1901,sn87056244_1901-12-10_ed-1_seq-4_ocr.txt
10994,https://chroniclingamerica.loc.gov/lccn/sn88076341/1903-12-17/ed-1/seq-2/ocr.txt,1901,sn88076341_1901-12-17_ed-1_seq-2_ocr.txt
10995,https://chroniclingamerica.loc.gov/lccn/sn86091109/1903-12-09/ed-1/seq-1/ocr.txt,1901,sn86091109_1901-12-09_ed-1_seq-1_ocr.txt
10997,https://chroniclingamerica.loc.gov/lccn/sn86091109/1903-12-07/ed-1/seq-6/ocr.txt,1901,sn86091109_1901-12-07_ed-1_seq-6_ocr.txt
10999,https://chroniclingamerica.loc.gov/lccn/sn87056244/1903-12-10/ed-1/seq-2/ocr.txt,1901,sn87056244_1901-12-10_ed-1_seq-2_ocr.txt
11000,https://chroniclingamerica.loc.gov/lccn/sn92073049/1903-12-15/ed-1/seq-9/ocr.txt,1901,sn92073049_1901-12-15_ed-1_seq-9_ocr.txt
11002,https://chroniclingamerica.loc.gov/lccn/sn86091347/1903-12-11/ed-1/seq-2/ocr.txt,1901,sn86091347_1901-12-11_ed-1_seq-2_ocr.txt
11003,https://chroniclingamerica.loc.gov/lccn/sn88085421/1903-12-09/ed-1/seq-1/ocr.txt,1901,sn88085421_1901-12-09_ed-1_seq-1_ocr.txt
11280,https://chroniclingamerica.loc.gov/lccn/sn86061215/1904-12-08/ed-1/seq-1/ocr.txt,1901,sn86061215_1901-12-08_ed-1_seq-1_ocr.txt
11005,https://chroniclingamerica.loc.gov/lccn/sn88059319/1903-12-18/ed-1/seq-2/ocr.txt,1901,sn88059319_1901-12-18_ed-1_seq-2_ocr.txt
11007,https://chroniclingamerica.loc.gov/lccn/sn85042400/1903-12-07/ed-1/seq-1/ocr.txt,1901,sn85042400_1901-12-07_ed-1_seq-1_ocr.txt
11008,https://chroniclingamerica.loc.gov/lccn/sn85034375/1903-12-12/ed-1/seq-2/ocr.txt,1901,sn85034375_1901-12-12_ed-1_seq-2_ocr.txt
11009,https://chroniclingamerica.loc.gov/lccn/sn83025494/1903-12-18/ed-1/seq-1/ocr.txt,1901,sn83025494_1901-12-18_ed-1_seq-1_ocr.txt
11010,https://chroniclingamerica.loc.gov/lccn/sn92073908/1903-12-10/ed-1/seq-2/ocr.txt,1901,sn92073908_1901-12-10_ed-1_seq-2_ocr.txt
11011,https://chroniclingamerica.loc.gov/lccn/sn85033162/1903-12-11/ed-1/seq-4/ocr.txt,1901,sn85033162_1901-12-11_ed-1_seq-4_ocr.txt
11013,https://chroniclingamerica.loc.gov/lccn/sn89064515/1903-12-11/ed-1/seq-8/ocr.txt,1901,sn89064515_1901-12-11_ed-1_seq-8_ocr.txt
11014,https://chroniclingamerica.loc.gov/lccn/sn89081022/1903-12-09/ed-1/seq-5/ocr.txt,1901,sn89081022_1901-12-09_ed-1_seq-5_ocr.txt
11015,https://chroniclingamerica.loc.gov/lccn/2001063112/1903-12-11/ed-1/seq-1/ocr.txt,1901,2001063112_1901-12-11_ed-1_seq-1_ocr.txt
11016,https://chroniclingamerica.loc.gov/lccn/sn84028490/1903-12-08/ed-1/seq-1/ocr.txt,1901,sn84028490_1901-12-08_ed-1_seq-1_ocr.txt
11019,https://chroniclingamerica.loc.gov/lccn/sn97065832/1903-12-18/ed-1/seq-5/ocr.txt,1901,sn97065832_1901-12-18_ed-1_seq-5_ocr.txt
11020,https://chroniclingamerica.loc.gov/lccn/sn88056093/1903-12-18/ed-1/seq-1/ocr.txt,1901,sn88056093_1901-12-18_ed-1_seq-1_ocr.txt
11022,https://chroniclingamerica.loc.gov/lccn/sn87056244/1903-12-17/ed-1/seq-2/ocr.txt,1901,sn87056244_1901-12-17_ed-1_seq-2_ocr.txt
11025,https://chroniclingamerica.loc.gov/lccn/sn89064695/1903-12-18/ed-1/seq-2/ocr.txt,1901,sn89064695_1901-12-18_ed-1_seq-2_ocr.txt
11026,https://chroniclingamerica.loc.gov/lccn/sn82014635/1903-12-09/ed-1/seq-1/ocr.txt,1901,sn82014635_1901-12-09_ed-1_seq-1_ocr.txt
11027,https://chroniclingamerica.loc.gov/lccn/sn86091109/1903-12-07/ed-1/seq-1/ocr.txt,1901,sn86091109_1901-12-07_ed-1_seq-1_ocr.txt
11028,https://chroniclingamerica.loc.gov/lccn/sn87096037/1903-12-17/ed-1/seq-2/ocr.txt,1901,sn87096037_1901-12-17_ed-1_seq-2_ocr.txt
11029,https://chroniclingamerica.loc.gov/lccn/2001063112/1903-12-11/ed-1/seq-4/ocr.txt,1901,2001063112_1901-12-11_ed-1_seq-4_ocr.txt
11031,https://chroniclingamerica.loc.gov/lccn/sn86063790/1903-12-10/ed-1/seq-6/ocr.txt,1901,sn86063790_1901-12-10_ed-1_seq-6_ocr.txt
11032,https://chroniclingamerica.loc.gov/lccn/sn83040592/1903-12-10/ed-1/seq-2/ocr.txt,1901,sn83040592_1901-12-10_ed-1_seq-2_ocr.txt
11033,https://chroniclingamerica.loc.gov/lccn/sn82014635/1903-12-09/ed-1/seq-4/ocr.txt,1901,sn82014635_1901-12-09_ed-1_seq-4_ocr.txt
11034,https://chroniclingamerica.loc.gov/lccn/sn87065195/1903-12-11/ed-1/seq-3/ocr.txt,1901,sn87065195_1901-12-11_ed-1_seq-3_ocr.txt
11035,https://chroniclingamerica.loc.gov/lccn/sn96077142/1903-12-19/ed-1/seq-2/ocr.txt,1901,sn96077142_1901-12-19_ed-1_seq-2_ocr.txt
11036,https://chroniclingamerica.loc.gov/lccn/sn00065127/1903-12-18/ed-1/seq-3/ocr.txt,1901,sn00065127_1901-12-18_ed-1_seq-3_ocr.txt
11037,https://chroniclingamerica.loc.gov/lccn/sn83040052/1903-12-11/ed-1/seq-6/ocr.txt,1901,sn83040052_1901-12-11_ed-1_seq-6_ocr.txt
11039,https://chroniclingamerica.loc.gov/lccn/sn87065338/1903-12-10/ed-1/seq-6/ocr.txt,1901,sn87065338_1901-12-10_ed-1_seq-6_ocr.txt
11040,https://chroniclingamerica.loc.gov/lccn/sn86083264/1903-12-10/ed-1/seq-2/ocr.txt,1901,sn86083264_1901-12-10_ed-1_seq-2_ocr.txt
11041,https://chroniclingamerica.loc.gov/lccn/sn85066387/1903-12-08/ed-1/seq-6/ocr.txt,1901,sn85066387_1901-12-08_ed-1_seq-6_ocr.txt
11042,https://chroniclingamerica.loc.gov/lccn/sn88076013/1903-12-12/ed-1/seq-1/ocr.txt,1901,sn88076013_1901-12-12_ed-1_seq-1_ocr.txt
11043,https://chroniclingamerica.loc.gov/lccn/sn84029853/1903-12-10/ed-1/seq-6/ocr.txt,1901,sn84029853_1901-12-10_ed-1_seq-6_ocr.txt
11044,https://chroniclingamerica.loc.gov/lccn/sn86063760/1903-12-16/ed-1/seq-1/ocr.txt,1901,sn86063760_1901-12-16_ed-1_seq-1_ocr.txt
11045,https://chroniclingamerica.loc.gov/lccn/sn86086852/1903-12-10/ed-1/seq-4/ocr.txt,1901,sn86086852_1901-12-10_ed-1_seq-4_ocr.txt
11046,https://chroniclingamerica.loc.gov/lccn/sn84022835/1903-12-11/ed-1/seq-7/ocr.txt,1901,sn84022835_1901-12-11_ed-1_seq-7_ocr.txt
11047,https://chroniclingamerica.loc.gov/lccn/sn86063592/1903-12-07/ed-1/seq-1/ocr.txt,1901,sn86063592_1901-12-07_ed-1_seq-1_ocr.txt
11048,https://chroniclingamerica.loc.gov/lccn/sn84036228/1903-12-09/ed-1/seq-1/ocr.txt,1901,sn84036228_1901-12-09_ed-1_seq-1_ocr.txt
11049,https://chroniclingamerica.loc.gov/lccn/sn86063760/1903-12-16/ed-1/seq-4/ocr.txt,1901,sn86063760_1901-12-16_ed-1_seq-4_ocr.txt
11052,https://chroniclingamerica.loc.gov/lccn/sn99062010/1903-12-10/ed-1/seq-3/ocr.txt,1901,sn99062010_1901-12-10_ed-1_seq-3_ocr.txt
11054,https://chroniclingamerica.loc.gov/lccn/sn84026497/1903-12-09/ed-1/seq-2/ocr.txt,1901,sn84026497_1901-12-09_ed-1_seq-2_ocr.txt
11055,https://chroniclingamerica.loc.gov/lccn/sn91068245/1903-12-10/ed-1/seq-1/ocr.txt,1901,sn91068245_1901-12-10_ed-1_seq-1_ocr.txt
11056,https://chroniclingamerica.loc.gov/lccn/sn85032920/1903-12-16/ed-1/seq-2/ocr.txt,1901,sn85032920_1901-12-16_ed-1_seq-2_ocr.txt
11057,https://chroniclingamerica.loc.gov/lccn/sn99062010/1903-12-17/ed-1/seq-3/ocr.txt,1901,sn99062010_1901-12-17_ed-1_seq-3_ocr.txt
11058,https://chroniclingamerica.loc.gov/lccn/sn98069055/1903-12-18/ed-1/seq-2/ocr.txt,1901,sn98069055_1901-12-18_ed-1_seq-2_ocr.txt
11059,https://chroniclingamerica.loc.gov/lccn/sn87056244/1903-12-10/ed-1/seq-1/ocr.txt,1901,sn87056244_1901-12-10_ed-1_seq-1_ocr.txt
11060,https://chroniclingamerica.loc.gov/lccn/sn83032040/1903-12-17/ed-1/seq-4/ocr.txt,1901,sn83032040_1901-12-17_ed-1_seq-4_ocr.txt
11061,https://chroniclingamerica.loc.gov/lccn/sn86081889/1903-12-16/ed-1/seq-2/ocr.txt,1901,sn86081889_1901-12-16_ed-1_seq-2_ocr.txt
11062,https://chroniclingamerica.loc.gov/lccn/sn86074075/1903-12-11/ed-1/seq-6/ocr.txt,1901,sn86074075_1901-12-11_ed-1_seq-6_ocr.txt
11064,https://chroniclingamerica.loc.gov/lccn/sn84026688/1903-12-10/ed-1/seq-1/ocr.txt,1901,sn84026688_1901-12-10_ed-1_seq-1_ocr.txt
11065,https://chroniclingamerica.loc.gov/lccn/sn86063592/1903-12-08/ed-1/seq-1/ocr.txt,1901,sn86063592_1901-12-08_ed-1_seq-1_ocr.txt
11066,https://chroniclingamerica.loc.gov/lccn/sn98066406/1903-12-11/ed-1/seq-6/ocr.txt,1901,sn98066406_1901-12-11_ed-1_seq-6_ocr.txt
11067,https://chroniclingamerica.loc.gov/lccn/sn85053157/1903-12-16/ed-1/seq-2/ocr.txt,1901,sn85053157_1901-12-16_ed-1_seq-2_ocr.txt
11068,https://chroniclingamerica.loc.gov/lccn/sn98069146/1903-12-11/ed-1/seq-3/ocr.txt,1901,sn98069146_1901-12-11_ed-1_seq-3_ocr.txt
11069,https://chroniclingamerica.loc.gov/lccn/sn99068076/1903-12-18/ed-1/seq-3/ocr.txt,1901,sn99068076_1901-12-18_ed-1_seq-3_ocr.txt
11070,https://chroniclingamerica.loc.gov/lccn/sn86063592/1903-12-15/ed-1/seq-1/ocr.txt,1901,sn86063592_1901-12-15_ed-1_seq-1_ocr.txt
11071,https://chroniclingamerica.loc.gov/lccn/sn86063823/1903-12-08/ed-1/seq-2/ocr.txt,1901,sn86063823_1901-12-08_ed-1_seq-2_ocr.txt
11074,https://chroniclingamerica.loc.gov/lccn/sn83025121/1903-12-22/ed-1/seq-8/ocr.txt,1901,sn83025121_1901-12-22_ed-1_seq-8_ocr.txt
11075,https://chroniclingamerica.loc.gov/lccn/sn86061215/1903-12-10/ed-1/seq-1/ocr.txt,1901,sn86061215_1901-12-10_ed-1_seq-1_ocr.txt
11077,https://chroniclingamerica.loc.gov/lccn/sn86092356/1903-12-17/ed-1/seq-6/ocr.txt,1901,sn86092356_1901-12-17_ed-1_seq-6_ocr.txt
11079,https://chroniclingamerica.loc.gov/lccn/sn85030287/1903-12-10/ed-1/seq-2/ocr.txt,1901,sn85030287_1901-12-10_ed-1_seq-2_ocr.txt
11080,https://chroniclingamerica.loc.gov/lccn/sn95079246/1903-12-18/ed-1/seq-1/ocr.txt,1901,sn95079246_1901-12-18_ed-1_seq-1_ocr.txt
11082,https://chroniclingamerica.loc.gov/lccn/sn87052181/1903-12-12/ed-1/seq-1/ocr.txt,1901,sn87052181_1901-12-12_ed-1_seq-1_ocr.txt
11083,https://chroniclingamerica.loc.gov/lccn/sn89058321/1903-12-11/ed-1/seq-4/ocr.txt,1901,sn89058321_1901-12-11_ed-1_seq-4_ocr.txt
11084,https://chroniclingamerica.loc.gov/lccn/sn87093220/1903-12-10/ed-1/seq-2/ocr.txt,1901,sn87093220_1901-12-10_ed-1_seq-2_ocr.txt
11086,https://chroniclingamerica.loc.gov/lccn/sn83040198/1903-12-11/ed-1/seq-2/ocr.txt,1901,sn83040198_1901-12-11_ed-1_seq-2_ocr.txt
11087,https://chroniclingamerica.loc.gov/lccn/sn84026688/1903-12-17/ed-1/seq-2/ocr.txt,1901,sn84026688_1901-12-17_ed-1_seq-2_ocr.txt
11088,https://chroniclingamerica.loc.gov/lccn/sn96088088/1903-12-11/ed-1/seq-1/ocr.txt,1901,sn96088088_1901-12-11_ed-1_seq-1_ocr.txt
11090,https://chroniclingamerica.loc.gov/lccn/sn93051660/1903-12-11/ed-1/seq-1/ocr.txt,1901,sn93051660_1901-12-11_ed-1_seq-1_ocr.txt
11091,https://chroniclingamerica.loc.gov/lccn/sn87065195/1903-12-11/ed-1/seq-2/ocr.txt,1901,sn87065195_1901-12-11_ed-1_seq-2_ocr.txt
11092,https://chroniclingamerica.loc.gov/lccn/sn98062890/1903-12-17/ed-1/seq-12/ocr.txt,1901,sn98062890_1901-12-17_ed-1_seq-12_ocr.txt
11094,https://chroniclingamerica.loc.gov/lccn/sn88085190/1903-12-10/ed-1/seq-3/ocr.txt,1901,sn88085190_1901-12-10_ed-1_seq-3_ocr.txt
11095,https://chroniclingamerica.loc.gov/lccn/sn86063778/1903-12-16/ed-1/seq-1/ocr.txt,1901,sn86063778_1901-12-16_ed-1_seq-1_ocr.txt
11096,https://chroniclingamerica.loc.gov/lccn/sn84024716/1903-12-09/ed-1/seq-2/ocr.txt,1901,sn84024716_1901-12-09_ed-1_seq-2_ocr.txt
11097,https://chroniclingamerica.loc.gov/lccn/sn83045366/1903-12-08/ed-1/seq-2/ocr.txt,1901,sn83045366_1901-12-08_ed-1_seq-2_ocr.txt
11098,https://chroniclingamerica.loc.gov/lccn/sn89066129/1903-12-12/ed-1/seq-2/ocr.txt,1901,sn89066129_1901-12-12_ed-1_seq-2_ocr.txt
11100,https://chroniclingamerica.loc.gov/lccn/sn92051487/1903-12-18/ed-1/seq-12/ocr.txt,1901,sn92051487_1901-12-18_ed-1_seq-12_ocr.txt
11404,https://chroniclingamerica.loc.gov/lccn/sn88085190/1904-12-10/ed-1/seq-2/ocr.txt,1901,sn88085190_1901-12-10_ed-1_seq-2_ocr.txt
11102,https://chroniclingamerica.loc.gov/lccn/sn95070058/1903-12-11/ed-1/seq-4/ocr.txt,1901,sn95070058_1901-12-11_ed-1_seq-4_ocr.txt
11104,https://chroniclingamerica.loc.gov/lccn/sn82015485/1903-12-19/ed-1/seq-2/ocr.txt,1901,sn82015485_1901-12-19_ed-1_seq-2_ocr.txt
11105,https://chroniclingamerica.loc.gov/lccn/sn89058007/1903-12-11/ed-1/seq-1/ocr.txt,1901,sn89058007_1901-12-11_ed-1_seq-1_ocr.txt
11106,https://chroniclingamerica.loc.gov/lccn/sn90059228/1903-12-10/ed-1/seq-1/ocr.txt,1901,sn90059228_1901-12-10_ed-1_seq-1_ocr.txt
11108,https://chroniclingamerica.loc.gov/lccn/sn88076741/1903-12-18/ed-1/seq-6/ocr.txt,1901,sn88076741_1901-12-18_ed-1_seq-6_ocr.txt
11109,https://chroniclingamerica.loc.gov/lccn/sn86069313/1903-12-11/ed-1/seq-4/ocr.txt,1901,sn86069313_1901-12-11_ed-1_seq-4_ocr.txt
11111,https://chroniclingamerica.loc.gov/lccn/sn83025494/1903-12-11/ed-1/seq-2/ocr.txt,1901,sn83025494_1901-12-11_ed-1_seq-2_ocr.txt
11112,https://chroniclingamerica.loc.gov/lccn/sn84026912/1903-12-16/ed-1/seq-1/ocr.txt,1901,sn84026912_1901-12-16_ed-1_seq-1_ocr.txt
11113,https://chroniclingamerica.loc.gov/lccn/2010270508/1903-12-11/ed-1/seq-2/ocr.txt,1901,2010270508_1901-12-11_ed-1_seq-2_ocr.txt
11114,https://chroniclingamerica.loc.gov/lccn/sn84020274/1903-12-13/ed-1/seq-12/ocr.txt,1901,sn84020274_1901-12-13_ed-1_seq-12_ocr.txt
11115,https://chroniclingamerica.loc.gov/lccn/sn93067841/1903-12-10/ed-1/seq-8/ocr.txt,1901,sn93067841_1901-12-10_ed-1_seq-8_ocr.txt
11117,https://chroniclingamerica.loc.gov/lccn/sn85066387/1903-12-10/ed-1/seq-8/ocr.txt,1901,sn85066387_1901-12-10_ed-1_seq-8_ocr.txt
11118,https://chroniclingamerica.loc.gov/lccn/sn87078321/1903-12-16/ed-1/seq-8/ocr.txt,1901,sn87078321_1901-12-16_ed-1_seq-8_ocr.txt
11120,https://chroniclingamerica.loc.gov/lccn/sn82014635/1903-12-08/ed-1/seq-4/ocr.txt,1901,sn82014635_1901-12-08_ed-1_seq-4_ocr.txt
11121,https://chroniclingamerica.loc.gov/lccn/2010270501/1903-12-11/ed-1/seq-7/ocr.txt,1901,2010270501_1901-12-11_ed-1_seq-7_ocr.txt
11122,https://chroniclingamerica.loc.gov/lccn/sn89066234/1903-12-12/ed-1/seq-2/ocr.txt,1901,sn89066234_1901-12-12_ed-1_seq-2_ocr.txt
11123,https://chroniclingamerica.loc.gov/lccn/sn85033295/1903-12-09/ed-1/seq-6/ocr.txt,1901,sn85033295_1901-12-09_ed-1_seq-6_ocr.txt
11125,https://chroniclingamerica.loc.gov/lccn/sn89066321/1903-12-18/ed-1/seq-2/ocr.txt,1901,sn89066321_1901-12-18_ed-1_seq-2_ocr.txt
11126,https://chroniclingamerica.loc.gov/lccn/sn91066782/1903-12-08/ed-1/seq-4/ocr.txt,1901,sn91066782_1901-12-08_ed-1_seq-4_ocr.txt
11129,https://chroniclingamerica.loc.gov/lccn/sn86081895/1903-12-10/ed-1/seq-4/ocr.txt,1901,sn86081895_1901-12-10_ed-1_seq-4_ocr.txt
11130,https://chroniclingamerica.loc.gov/lccn/sn88059319/1903-12-11/ed-1/seq-4/ocr.txt,1901,sn88059319_1901-12-11_ed-1_seq-4_ocr.txt
11131,https://chroniclingamerica.loc.gov/lccn/sn85053117/1903-12-10/ed-1/seq-7/ocr.txt,1901,sn85053117_1901-12-10_ed-1_seq-7_ocr.txt
11132,https://chroniclingamerica.loc.gov/lccn/sn92065637/1903-12-18/ed-1/seq-5/ocr.txt,1901,sn92065637_1901-12-18_ed-1_seq-5_ocr.txt
11133,https://chroniclingamerica.loc.gov/lccn/sn86090233/1903-12-10/ed-1/seq-7/ocr.txt,1901,sn86090233_1901-12-10_ed-1_seq-7_ocr.txt
11134,https://chroniclingamerica.loc.gov/lccn/sn84036008/1903-12-18/ed-1/seq-4/ocr.txt,1901,sn84036008_1901-12-18_ed-1_seq-4_ocr.txt
11136,https://chroniclingamerica.loc.gov/lccn/sn97065075/1903-12-11/ed-1/seq-1/ocr.txt,1901,sn97065075_1901-12-11_ed-1_seq-1_ocr.txt
11137,https://chroniclingamerica.loc.gov/lccn/sn88076145/1903-12-11/ed-1/seq-2/ocr.txt,1901,sn88076145_1901-12-11_ed-1_seq-2_ocr.txt
11138,https://chroniclingamerica.loc.gov/lccn/sn93053726/1903-12-07/ed-1/seq-2/ocr.txt,1901,sn93053726_1901-12-07_ed-1_seq-2_ocr.txt
11139,https://chroniclingamerica.loc.gov/lccn/sn98062890/1903-12-10/ed-1/seq-7/ocr.txt,1901,sn98062890_1901-12-10_ed-1_seq-7_ocr.txt
11141,https://chroniclingamerica.loc.gov/lccn/sn85038615/1903-12-13/ed-1/seq-4/ocr.txt,1901,sn85038615_1901-12-13_ed-1_seq-4_ocr.txt
11142,https://chroniclingamerica.loc.gov/lccn/sn99021999/1903-12-12/ed-1/seq-14/ocr.txt,1901,sn99021999_1901-12-12_ed-1_seq-14_ocr.txt
11143,https://chroniclingamerica.loc.gov/lccn/sn89067273/1903-12-10/ed-1/seq-6/ocr.txt,1901,sn89067273_1901-12-10_ed-1_seq-6_ocr.txt
11146,https://chroniclingamerica.loc.gov/lccn/sn85058246/1903-12-12/ed-1/seq-8/ocr.txt,1901,sn85058246_1901-12-12_ed-1_seq-8_ocr.txt
11147,https://chroniclingamerica.loc.gov/lccn/sn82014635/1903-12-13/ed-1/seq-11/ocr.txt,1901,sn82014635_1901-12-13_ed-1_seq-11_ocr.txt
11148,https://chroniclingamerica.loc.gov/lccn/sn84023416/1903-12-11/ed-1/seq-3/ocr.txt,1901,sn84023416_1901-12-11_ed-1_seq-3_ocr.txt
11150,https://chroniclingamerica.loc.gov/lccn/sn95073194/1903-12-09/ed-1/seq-1/ocr.txt,1901,sn95073194_1901-12-09_ed-1_seq-1_ocr.txt
11152,https://chroniclingamerica.loc.gov/lccn/sn89064515/1903-12-11/ed-1/seq-16/ocr.txt,1901,sn89064515_1901-12-11_ed-1_seq-16_ocr.txt
11153,https://chroniclingamerica.loc.gov/lccn/sn87093056/1903-12-09/ed-1/seq-1/ocr.txt,1901,sn87093056_1901-12-09_ed-1_seq-1_ocr.txt
11154,https://chroniclingamerica.loc.gov/lccn/sn90061371/1903-12-09/ed-1/seq-3/ocr.txt,1901,sn90061371_1901-12-09_ed-1_seq-3_ocr.txt
11155,https://chroniclingamerica.loc.gov/lccn/sn85038615/1903-12-08/ed-1/seq-1/ocr.txt,1901,sn85038615_1901-12-08_ed-1_seq-1_ocr.txt
11156,https://chroniclingamerica.loc.gov/lccn/sn90061782/1903-12-11/ed-1/seq-6/ocr.txt,1901,sn90061782_1901-12-11_ed-1_seq-6_ocr.txt
11157,https://chroniclingamerica.loc.gov/lccn/sn85066387/1903-12-08/ed-1/seq-7/ocr.txt,1901,sn85066387_1901-12-08_ed-1_seq-7_ocr.txt
11158,https://chroniclingamerica.loc.gov/lccn/sn88085947/1903-12-07/ed-1/seq-1/ocr.txt,1901,sn88085947_1901-12-07_ed-1_seq-1_ocr.txt
11160,https://chroniclingamerica.loc.gov/lccn/sn84037890/1903-12-09/ed-1/seq-2/ocr.txt,1901,sn84037890_1901-12-09_ed-1_seq-2_ocr.txt
11161,https://chroniclingamerica.loc.gov/lccn/sn84026925/1903-12-08/ed-1/seq-2/ocr.txt,1901,sn84026925_1901-12-08_ed-1_seq-2_ocr.txt
11163,https://chroniclingamerica.loc.gov/lccn/sn90061417/1903-12-11/ed-1/seq-2/ocr.txt,1901,sn90061417_1901-12-11_ed-1_seq-2_ocr.txt
11164,https://chroniclingamerica.loc.gov/lccn/sn88064402/1903-12-11/ed-1/seq-3/ocr.txt,1901,sn88064402_1901-12-11_ed-1_seq-3_ocr.txt
11165,https://chroniclingamerica.loc.gov/lccn/sn93053726/1903-12-12/ed-1/seq-1/ocr.txt,1901,sn93053726_1901-12-12_ed-1_seq-1_ocr.txt
11166,https://chroniclingamerica.loc.gov/lccn/sn93067846/1903-12-09/ed-1/seq-4/ocr.txt,1901,sn93067846_1901-12-09_ed-1_seq-4_ocr.txt
11168,https://chroniclingamerica.loc.gov/lccn/sn93067853/1903-12-18/ed-1/seq-1/ocr.txt,1901,sn93067853_1901-12-18_ed-1_seq-1_ocr.txt
11169,https://chroniclingamerica.loc.gov/lccn/sn84029696/1903-12-12/ed-1/seq-1/ocr.txt,1901,sn84029696_1901-12-12_ed-1_seq-1_ocr.txt
11170,https://chroniclingamerica.loc.gov/lccn/sn86091109/1903-12-07/ed-1/seq-4/ocr.txt,1901,sn86091109_1901-12-07_ed-1_seq-4_ocr.txt
11171,https://chroniclingamerica.loc.gov/lccn/sn84029696/1903-12-12/ed-1/seq-2/ocr.txt,1901,sn84029696_1901-12-12_ed-1_seq-2_ocr.txt
11172,https://chroniclingamerica.loc.gov/lccn/sn98069055/1903-12-11/ed-1/seq-3/ocr.txt,1901,sn98069055_1901-12-11_ed-1_seq-3_ocr.txt
11174,https://chroniclingamerica.loc.gov/lccn/sn86076366/1903-12-11/ed-1/seq-2/ocr.txt,1901,sn86076366_1901-12-11_ed-1_seq-2_ocr.txt
11175,https://chroniclingamerica.loc.gov/lccn/sn84026758/1903-12-12/ed-1/seq-4/ocr.txt,1901,sn84026758_1901-12-12_ed-1_seq-4_ocr.txt
11176,https://chroniclingamerica.loc.gov/lccn/sn84021912/1903-12-16/ed-1/seq-2/ocr.txt,1901,sn84021912_1901-12-16_ed-1_seq-2_ocr.txt
11177,https://chroniclingamerica.loc.gov/lccn/sn84028490/1903-12-11/ed-1/seq-7/ocr.txt,1901,sn84028490_1901-12-11_ed-1_seq-7_ocr.txt
11179,https://chroniclingamerica.loc.gov/lccn/sn93053726/1903-12-07/ed-1/seq-9/ocr.txt,1901,sn93053726_1901-12-07_ed-1_seq-9_ocr.txt
11181,https://chroniclingamerica.loc.gov/lccn/sn84024283/1903-12-10/ed-1/seq-6/ocr.txt,1901,sn84024283_1901-12-10_ed-1_seq-6_ocr.txt
11182,https://chroniclingamerica.loc.gov/lccn/sn99021999/1903-12-13/ed-1/seq-18/ocr.txt,1901,sn99021999_1901-12-13_ed-1_seq-18_ocr.txt
11183,https://chroniclingamerica.loc.gov/lccn/sn85052076/1903-12-10/ed-1/seq-5/ocr.txt,1901,sn85052076_1901-12-10_ed-1_seq-5_ocr.txt
11184,https://chroniclingamerica.loc.gov/lccn/sn86091134/1903-12-10/ed-1/seq-9/ocr.txt,1901,sn86091134_1901-12-10_ed-1_seq-9_ocr.txt
11185,https://chroniclingamerica.loc.gov/lccn/sn84026749/1903-12-07/ed-1/seq-2/ocr.txt,1901,sn84026749_1901-12-07_ed-1_seq-2_ocr.txt
11186,https://chroniclingamerica.loc.gov/lccn/sn82016187/1903-12-10/ed-1/seq-5/ocr.txt,1901,sn82016187_1901-12-10_ed-1_seq-5_ocr.txt
11187,https://chroniclingamerica.loc.gov/lccn/sn84026749/1903-12-08/ed-1/seq-6/ocr.txt,1901,sn84026749_1901-12-08_ed-1_seq-6_ocr.txt
11188,https://chroniclingamerica.loc.gov/lccn/sn96090259/1903-12-18/ed-1/seq-3/ocr.txt,1901,sn96090259_1901-12-18_ed-1_seq-3_ocr.txt
11191,https://chroniclingamerica.loc.gov/lccn/sn85029677/1903-12-17/ed-1/seq-2/ocr.txt,1901,sn85029677_1901-12-17_ed-1_seq-2_ocr.txt
11192,https://chroniclingamerica.loc.gov/lccn/sn82015679/1903-12-11/ed-1/seq-10/ocr.txt,1901,sn82015679_1901-12-11_ed-1_seq-10_ocr.txt
11193,https://chroniclingamerica.loc.gov/lccn/sn82016187/1903-12-17/ed-1/seq-5/ocr.txt,1901,sn82016187_1901-12-17_ed-1_seq-5_ocr.txt
11195,https://chroniclingamerica.loc.gov/lccn/sn87076843/1903-12-11/ed-1/seq-5/ocr.txt,1901,sn87076843_1901-12-11_ed-1_seq-5_ocr.txt
11196,https://chroniclingamerica.loc.gov/lccn/sn83032040/1903-12-17/ed-1/seq-3/ocr.txt,1901,sn83032040_1901-12-17_ed-1_seq-3_ocr.txt
11197,https://chroniclingamerica.loc.gov/lccn/sn83016943/1903-12-12/ed-1/seq-1/ocr.txt,1901,sn83016943_1901-12-12_ed-1_seq-1_ocr.txt
11199,https://chroniclingamerica.loc.gov/lccn/sn90061056/1903-12-11/ed-1/seq-3/ocr.txt,1901,sn90061056_1901-12-11_ed-1_seq-3_ocr.txt
11202,https://chroniclingamerica.loc.gov/lccn/sn85033139/1903-12-10/ed-1/seq-2/ocr.txt,1901,sn85033139_1901-12-10_ed-1_seq-2_ocr.txt
11205,https://chroniclingamerica.loc.gov/lccn/sn85058217/1903-12-11/ed-1/seq-2/ocr.txt,1901,sn85058217_1901-12-11_ed-1_seq-2_ocr.txt
11207,https://chroniclingamerica.loc.gov/lccn/sn83025121/1903-12-22/ed-1/seq-4/ocr.txt,1901,sn83025121_1901-12-22_ed-1_seq-4_ocr.txt
11209,https://chroniclingamerica.loc.gov/lccn/sn95047263/1903-12-10/ed-1/seq-2/ocr.txt,1901,sn95047263_1901-12-10_ed-1_seq-2_ocr.txt
11211,https://chroniclingamerica.loc.gov/lccn/sn84026749/1903-12-07/ed-1/seq-9/ocr.txt,1901,sn84026749_1901-12-07_ed-1_seq-9_ocr.txt
11212,https://chroniclingamerica.loc.gov/lccn/sn84026749/1903-12-09/ed-1/seq-2/ocr.txt,1901,sn84026749_1901-12-09_ed-1_seq-2_ocr.txt
11215,https://chroniclingamerica.loc.gov/lccn/sn82015679/1903-12-16/ed-1/seq-11/ocr.txt,1901,sn82015679_1901-12-16_ed-1_seq-11_ocr.txt
11217,https://chroniclingamerica.loc.gov/lccn/sn95047242/1903-12-15/ed-1/seq-2/ocr.txt,1901,sn95047242_1901-12-15_ed-1_seq-2_ocr.txt
11218,https://chroniclingamerica.loc.gov/lccn/sn82015679/1903-12-10/ed-1/seq-11/ocr.txt,1901,sn82015679_1901-12-10_ed-1_seq-11_ocr.txt
11221,https://chroniclingamerica.loc.gov/lccn/sn84026749/1903-12-08/ed-1/seq-10/ocr.txt,1901,sn84026749_1901-12-08_ed-1_seq-10_ocr.txt
11222,https://chroniclingamerica.loc.gov/lccn/sn84026749/1903-12-07/ed-1/seq-1/ocr.txt,1901,sn84026749_1901-12-07_ed-1_seq-1_ocr.txt
11224,https://chroniclingamerica.loc.gov/lccn/sn84026749/1903-12-07/ed-1/seq-4/ocr.txt,1901,sn84026749_1901-12-07_ed-1_seq-4_ocr.txt
11482,https://chroniclingamerica.loc.gov/lccn/sn84026749/1904-12-08/ed-1/seq-9/ocr.txt,1901,sn84026749_1901-12-08_ed-1_seq-9_ocr.txt
11231,https://chroniclingamerica.loc.gov/lccn/sn88056093/1904-12-16/ed-1/seq-1/ocr.txt,1901,sn88056093_1901-12-16_ed-1_seq-1_ocr.txt
11232,https://chroniclingamerica.loc.gov/lccn/sn86063758/1904-12-09/ed-1/seq-4/ocr.txt,1901,sn86063758_1901-12-09_ed-1_seq-4_ocr.txt
11235,https://chroniclingamerica.loc.gov/lccn/sn85025620/1904-12-16/ed-1/seq-6/ocr.txt,1901,sn85025620_1901-12-16_ed-1_seq-6_ocr.txt
11236,https://chroniclingamerica.loc.gov/lccn/sn46032385/1904-12-09/ed-1/seq-7/ocr.txt,1901,sn46032385_1901-12-09_ed-1_seq-7_ocr.txt
11238,https://chroniclingamerica.loc.gov/lccn/sn96088356/1904-12-13/ed-1/seq-2/ocr.txt,1901,sn96088356_1901-12-13_ed-1_seq-2_ocr.txt
11240,https://chroniclingamerica.loc.gov/lccn/sn95079154/1904-12-15/ed-1/seq-2/ocr.txt,1901,sn95079154_1901-12-15_ed-1_seq-2_ocr.txt
11241,https://chroniclingamerica.loc.gov/lccn/sn87078321/1904-12-14/ed-1/seq-3/ocr.txt,1901,sn87078321_1901-12-14_ed-1_seq-3_ocr.txt
11242,https://chroniclingamerica.loc.gov/lccn/sn89060136/1904-12-16/ed-1/seq-8/ocr.txt,1901,sn89060136_1901-12-16_ed-1_seq-8_ocr.txt
11243,https://chroniclingamerica.loc.gov/lccn/2001063112/1904-12-09/ed-1/seq-4/ocr.txt,1901,2001063112_1901-12-09_ed-1_seq-4_ocr.txt
11244,https://chroniclingamerica.loc.gov/lccn/sn89081128/1904-12-14/ed-1/seq-7/ocr.txt,1901,sn89081128_1901-12-14_ed-1_seq-7_ocr.txt
11245,https://chroniclingamerica.loc.gov/lccn/sn88056095/1904-12-10/ed-1/seq-2/ocr.txt,1901,sn88056095_1901-12-10_ed-1_seq-2_ocr.txt
11246,https://chroniclingamerica.loc.gov/lccn/sn87060004/1904-12-08/ed-1/seq-7/ocr.txt,1901,sn87060004_1901-12-08_ed-1_seq-7_ocr.txt
11247,https://chroniclingamerica.loc.gov/lccn/sn86086852/1904-12-15/ed-1/seq-2/ocr.txt,1901,sn86086852_1901-12-15_ed-1_seq-2_ocr.txt
11248,https://chroniclingamerica.loc.gov/lccn/sn88068010/1904-12-16/ed-1/seq-2/ocr.txt,1901,sn88068010_1901-12-16_ed-1_seq-2_ocr.txt
11250,https://chroniclingamerica.loc.gov/lccn/sn95066012/1904-12-06/ed-1/seq-1/ocr.txt,1901,sn95066012_1901-12-06_ed-1_seq-1_ocr.txt
11251,https://chroniclingamerica.loc.gov/lccn/sn86069313/1904-12-09/ed-1/seq-4/ocr.txt,1901,sn86069313_1901-12-09_ed-1_seq-4_ocr.txt
11252,https://chroniclingamerica.loc.gov/lccn/sn88085523/1904-12-14/ed-1/seq-4/ocr.txt,1901,sn88085523_1901-12-14_ed-1_seq-4_ocr.txt
11253,https://chroniclingamerica.loc.gov/lccn/2010270501/1904-12-09/ed-1/seq-6/ocr.txt,1901,2010270501_1901-12-09_ed-1_seq-6_ocr.txt
11254,https://chroniclingamerica.loc.gov/lccn/sn86079068/1904-12-14/ed-1/seq-1/ocr.txt,1901,sn86079068_1901-12-14_ed-1_seq-1_ocr.txt
11255,https://chroniclingamerica.loc.gov/lccn/sn93055779/1904-12-07/ed-1/seq-4/ocr.txt,1901,sn93055779_1901-12-07_ed-1_seq-4_ocr.txt
11257,https://chroniclingamerica.loc.gov/lccn/sn84026497/1904-12-07/ed-1/seq-3/ocr.txt,1901,sn84026497_1901-12-07_ed-1_seq-3_ocr.txt
11258,https://chroniclingamerica.loc.gov/lccn/sn84021930/1904-12-21/ed-1/seq-1/ocr.txt,1901,sn84021930_1901-12-21_ed-1_seq-1_ocr.txt
11259,https://chroniclingamerica.loc.gov/lccn/sn87093220/1904-12-08/ed-1/seq-3/ocr.txt,1901,sn87093220_1901-12-08_ed-1_seq-3_ocr.txt
11261,https://chroniclingamerica.loc.gov/lccn/sn86091188/1904-12-15/ed-1/seq-2/ocr.txt,1901,sn86091188_1901-12-15_ed-1_seq-2_ocr.txt
11262,https://chroniclingamerica.loc.gov/lccn/sn88086023/1904-12-20/ed-1/seq-9/ocr.txt,1901,sn88086023_1901-12-20_ed-1_seq-9_ocr.txt
11263,https://chroniclingamerica.loc.gov/lccn/sn98069055/1904-12-16/ed-1/seq-6/ocr.txt,1901,sn98069055_1901-12-16_ed-1_seq-6_ocr.txt
11264,https://chroniclingamerica.loc.gov/lccn/sn84038306/1904-12-14/ed-1/seq-4/ocr.txt,1901,sn84038306_1901-12-14_ed-1_seq-4_ocr.txt
11268,https://chroniclingamerica.loc.gov/lccn/sn84036207/1904-12-07/ed-1/seq-7/ocr.txt,1901,sn84036207_1901-12-07_ed-1_seq-7_ocr.txt
11269,https://chroniclingamerica.loc.gov/lccn/sn96088376/1904-12-08/ed-1/seq-2/ocr.txt,1901,sn96088376_1901-12-08_ed-1_seq-2_ocr.txt
11271,https://chroniclingamerica.loc.gov/lccn/sn85038292/1904-12-10/ed-1/seq-2/ocr.txt,1901,sn85038292_1901-12-10_ed-1_seq-2_ocr.txt
11272,https://chroniclingamerica.loc.gov/lccn/sn89064515/1904-12-16/ed-1/seq-12/ocr.txt,1901,sn89064515_1901-12-16_ed-1_seq-12_ocr.txt
11273,https://chroniclingamerica.loc.gov/lccn/sn89064515/1904-12-16/ed-1/seq-13/ocr.txt,1901,sn89064515_1901-12-16_ed-1_seq-13_ocr.txt
11274,https://chroniclingamerica.loc.gov/lccn/sn88076432/1904-12-15/ed-1/seq-2/ocr.txt,1901,sn88076432_1901-12-15_ed-1_seq-2_ocr.txt
11276,https://chroniclingamerica.loc.gov/lccn/sn88085421/1904-12-06/ed-1/seq-4/ocr.txt,1901,sn88085421_1901-12-06_ed-1_seq-4_ocr.txt
11277,https://chroniclingamerica.loc.gov/lccn/sn95073194/1904-12-07/ed-1/seq-6/ocr.txt,1901,sn95073194_1901-12-07_ed-1_seq-6_ocr.txt
11278,https://chroniclingamerica.loc.gov/lccn/sn89066129/1904-12-10/ed-1/seq-4/ocr.txt,1901,sn89066129_1901-12-10_ed-1_seq-4_ocr.txt
11279,https://chroniclingamerica.loc.gov/lccn/sn84024720/1904-12-09/ed-1/seq-2/ocr.txt,1901,sn84024720_1901-12-09_ed-1_seq-2_ocr.txt
11280,https://chroniclingamerica.loc.gov/lccn/sn86061215/1904-12-08/ed-1/seq-1/ocr.txt,1901,sn86061215_1901-12-08_ed-1_seq-1_ocr.txt
11283,https://chroniclingamerica.loc.gov/lccn/sn86061215/1904-12-08/ed-1/seq-3/ocr.txt,1901,sn86061215_1901-12-08_ed-1_seq-3_ocr.txt
11285,https://chroniclingamerica.loc.gov/lccn/sn85042405/1904-12-15/ed-1/seq-2/ocr.txt,1901,sn85042405_1901-12-15_ed-1_seq-2_ocr.txt
11286,https://chroniclingamerica.loc.gov/lccn/sn84023416/1904-12-16/ed-1/seq-2/ocr.txt,1901,sn84023416_1901-12-16_ed-1_seq-2_ocr.txt
11287,https://chroniclingamerica.loc.gov/lccn/sn89081128/1904-12-21/ed-1/seq-8/ocr.txt,1901,sn89081128_1901-12-21_ed-1_seq-8_ocr.txt
11288,https://chroniclingamerica.loc.gov/lccn/sn93051660/1904-12-16/ed-1/seq-2/ocr.txt,1901,sn93051660_1901-12-16_ed-1_seq-2_ocr.txt
11290,https://chroniclingamerica.loc.gov/lccn/sn83025186/1904-12-09/ed-1/seq-3/ocr.txt,1901,sn83025186_1901-12-09_ed-1_seq-3_ocr.txt
11291,https://chroniclingamerica.loc.gov/lccn/sn93067659/1904-12-14/ed-1/seq-3/ocr.txt,1901,sn93067659_1901-12-14_ed-1_seq-3_ocr.txt
11292,https://chroniclingamerica.loc.gov/lccn/sn84023253/1904-12-14/ed-1/seq-2/ocr.txt,1901,sn84023253_1901-12-14_ed-1_seq-2_ocr.txt
11293,https://chroniclingamerica.loc.gov/lccn/sn85066387/1904-12-15/ed-1/seq-8/ocr.txt,1901,sn85066387_1901-12-15_ed-1_seq-8_ocr.txt
11295,https://chroniclingamerica.loc.gov/lccn/sn89066489/1904-12-08/ed-1/seq-10/ocr.txt,1901,sn89066489_1901-12-08_ed-1_seq-10_ocr.txt
11296,https://chroniclingamerica.loc.gov/lccn/sn78000395/1904-12-17/ed-1/seq-1/ocr.txt,1901,sn78000395_1901-12-17_ed-1_seq-1_ocr.txt
11297,https://chroniclingamerica.loc.gov/lccn/sn96077142/1904-12-17/ed-1/seq-2/ocr.txt,1901,sn96077142_1901-12-17_ed-1_seq-2_ocr.txt
11298,https://chroniclingamerica.loc.gov/lccn/sn86091096/1904-12-09/ed-1/seq-3/ocr.txt,1901,sn86091096_1901-12-09_ed-1_seq-3_ocr.txt
11301,https://chroniclingamerica.loc.gov/lccn/sn83045396/1904-12-08/ed-1/seq-1/ocr.txt,1901,sn83045396_1901-12-08_ed-1_seq-1_ocr.txt
11303,https://chroniclingamerica.loc.gov/lccn/sn84026820/1904-12-10/ed-1/seq-2/ocr.txt,1901,sn84026820_1901-12-10_ed-1_seq-2_ocr.txt
11304,https://chroniclingamerica.loc.gov/lccn/sn86061215/1904-12-13/ed-1/seq-3/ocr.txt,1901,sn86061215_1901-12-13_ed-1_seq-3_ocr.txt
11305,https://chroniclingamerica.loc.gov/lccn/sn93055779/1904-12-07/ed-1/seq-1/ocr.txt,1901,sn93055779_1901-12-07_ed-1_seq-1_ocr.txt
11307,https://chroniclingamerica.loc.gov/lccn/sn86063592/1904-12-06/ed-1/seq-4/ocr.txt,1901,sn86063592_1901-12-06_ed-1_seq-4_ocr.txt
11308,https://chroniclingamerica.loc.gov/lccn/sn97065075/1904-12-09/ed-1/seq-1/ocr.txt,1901,sn97065075_1901-12-09_ed-1_seq-1_ocr.txt
11310,https://chroniclingamerica.loc.gov/lccn/sn90061782/1904-12-16/ed-1/seq-2/ocr.txt,1901,sn90061782_1901-12-16_ed-1_seq-2_ocr.txt
11311,https://chroniclingamerica.loc.gov/lccn/sn88059319/1904-12-20/ed-1/seq-5/ocr.txt,1901,sn88059319_1901-12-20_ed-1_seq-5_ocr.txt
11312,https://chroniclingamerica.loc.gov/lccn/sn87056244/1904-12-15/ed-1/seq-4/ocr.txt,1901,sn87056244_1901-12-15_ed-1_seq-4_ocr.txt
11313,https://chroniclingamerica.loc.gov/lccn/sn86086852/1904-12-08/ed-1/seq-4/ocr.txt,1901,sn86086852_1901-12-08_ed-1_seq-4_ocr.txt
11316,https://chroniclingamerica.loc.gov/lccn/sn99063957/1904-12-06/ed-1/seq-1/ocr.txt,1901,sn99063957_1901-12-06_ed-1_seq-1_ocr.txt
11317,https://chroniclingamerica.loc.gov/lccn/sn85066387/1904-12-08/ed-1/seq-3/ocr.txt,1901,sn85066387_1901-12-08_ed-1_seq-3_ocr.txt
11318,https://chroniclingamerica.loc.gov/lccn/sn85032920/1904-12-07/ed-1/seq-5/ocr.txt,1901,sn85032920_1901-12-07_ed-1_seq-5_ocr.txt
11321,https://chroniclingamerica.loc.gov/lccn/sn89060136/1904-12-09/ed-1/seq-6/ocr.txt,1901,sn89060136_1901-12-09_ed-1_seq-6_ocr.txt
11322,https://chroniclingamerica.loc.gov/lccn/sn91068367/1904-12-09/ed-1/seq-1/ocr.txt,1901,sn91068367_1901-12-09_ed-1_seq-1_ocr.txt
11324,https://chroniclingamerica.loc.gov/lccn/sn84024283/1904-12-15/ed-1/seq-2/ocr.txt,1901,sn84024283_1901-12-15_ed-1_seq-2_ocr.txt
11325,https://chroniclingamerica.loc.gov/lccn/sn93055779/1904-12-07/ed-1/seq-10/ocr.txt,1901,sn93055779_1901-12-07_ed-1_seq-10_ocr.txt
11327,https://chroniclingamerica.loc.gov/lccn/sn96077142/1904-12-17/ed-1/seq-3/ocr.txt,1901,sn96077142_1901-12-17_ed-1_seq-3_ocr.txt
11329,https://chroniclingamerica.loc.gov/lccn/sn85049554/1904-12-08/ed-1/seq-1/ocr.txt,1901,sn85049554_1901-12-08_ed-1_seq-1_ocr.txt
11331,https://chroniclingamerica.loc.gov/lccn/sn85038161/1904-12-15/ed-1/seq-1/ocr.txt,1901,sn85038161_1901-12-15_ed-1_seq-1_ocr.txt
11334,https://chroniclingamerica.loc.gov/lccn/sn84026925/1904-12-09/ed-1/seq-2/ocr.txt,1901,sn84026925_1901-12-09_ed-1_seq-2_ocr.txt
11336,https://chroniclingamerica.loc.gov/lccn/sn84026897/1904-12-14/ed-1/seq-1/ocr.txt,1901,sn84026897_1901-12-14_ed-1_seq-1_ocr.txt
11337,https://chroniclingamerica.loc.gov/lccn/sn00065127/1904-12-16/ed-1/seq-3/ocr.txt,1901,sn00065127_1901-12-16_ed-1_seq-3_ocr.txt
11338,https://chroniclingamerica.loc.gov/lccn/sn86061215/1904-12-06/ed-1/seq-6/ocr.txt,1901,sn86061215_1901-12-06_ed-1_seq-6_ocr.txt
11343,https://chroniclingamerica.loc.gov/lccn/sn97070614/1904-12-16/ed-1/seq-6/ocr.txt,1901,sn97070614_1901-12-16_ed-1_seq-6_ocr.txt
11346,https://chroniclingamerica.loc.gov/lccn/sn88076341/1904-12-15/ed-1/seq-2/ocr.txt,1901,sn88076341_1901-12-15_ed-1_seq-2_ocr.txt
11347,https://chroniclingamerica.loc.gov/lccn/sn86058251/1904-12-06/ed-1/seq-8/ocr.txt,1901,sn86058251_1901-12-06_ed-1_seq-8_ocr.txt
11349,https://chroniclingamerica.loc.gov/lccn/sn87056244/1904-12-15/ed-1/seq-2/ocr.txt,1901,sn87056244_1901-12-15_ed-1_seq-2_ocr.txt
11350,https://chroniclingamerica.loc.gov/lccn/sn89081128/1904-12-21/ed-1/seq-7/ocr.txt,1901,sn89081128_1901-12-21_ed-1_seq-7_ocr.txt
11351,https://chroniclingamerica.loc.gov/lccn/sn83045366/1904-12-15/ed-1/seq-6/ocr.txt,1901,sn83045366_1901-12-15_ed-1_seq-6_ocr.txt
11352,https://chroniclingamerica.loc.gov/lccn/sn90061782/1904-12-16/ed-1/seq-6/ocr.txt,1901,sn90061782_1901-12-16_ed-1_seq-6_ocr.txt
11353,https://chroniclingamerica.loc.gov/lccn/sn85038161/1904-12-08/ed-1/seq-1/ocr.txt,1901,sn85038161_1901-12-08_ed-1_seq-1_ocr.txt
11354,https://chroniclingamerica.loc.gov/lccn/sn89081022/1904-12-14/ed-1/seq-6/ocr.txt,1901,sn89081022_1901-12-14_ed-1_seq-6_ocr.txt
11356,https://chroniclingamerica.loc.gov/lccn/sn84026853/1904-12-21/ed-1/seq-2/ocr.txt,1901,sn84026853_1901-12-21_ed-1_seq-2_ocr.txt
11359,https://chroniclingamerica.loc.gov/lccn/sn95070058/1904-12-16/ed-1/seq-4/ocr.txt,1901,sn95070058_1901-12-16_ed-1_seq-4_ocr.txt
11360,https://chroniclingamerica.loc.gov/lccn/sn97065075/1904-12-16/ed-1/seq-1/ocr.txt,1901,sn97065075_1901-12-16_ed-1_seq-1_ocr.txt
11361,https://chroniclingamerica.loc.gov/lccn/sn93055779/1904-12-13/ed-1/seq-2/ocr.txt,1901,sn93055779_1901-12-13_ed-1_seq-2_ocr.txt
11362,https://chroniclingamerica.loc.gov/lccn/sn86091096/1904-12-09/ed-1/seq-2/ocr.txt,1901,sn86091096_1901-12-09_ed-1_seq-2_ocr.txt
11364,https://chroniclingamerica.loc.gov/lccn/sn91066782/1904-12-06/ed-1/seq-1/ocr.txt,1901,sn91066782_1901-12-06_ed-1_seq-1_ocr.txt
11365,https://chroniclingamerica.loc.gov/lccn/sn83045396/1904-12-17/ed-1/seq-2/ocr.txt,1901,sn83045396_1901-12-17_ed-1_seq-2_ocr.txt
11370,https://chroniclingamerica.loc.gov/lccn/sn78000395/1904-12-10/ed-1/seq-4/ocr.txt,1901,sn78000395_1901-12-10_ed-1_seq-4_ocr.txt
11371,https://chroniclingamerica.loc.gov/lccn/sn84036008/1904-12-09/ed-1/seq-4/ocr.txt,1901,sn84036008_1901-12-09_ed-1_seq-4_ocr.txt
11373,https://chroniclingamerica.loc.gov/lccn/sn84020630/1904-12-07/ed-1/seq-2/ocr.txt,1901,sn84020630_1901-12-07_ed-1_seq-2_ocr.txt
11374,https://chroniclingamerica.loc.gov/lccn/sn96088376/1904-12-15/ed-1/seq-2/ocr.txt,1901,sn96088376_1901-12-15_ed-1_seq-2_ocr.txt
11376,https://chroniclingamerica.loc.gov/lccn/sn82014189/1904-12-16/ed-1/seq-2/ocr.txt,1901,sn82014189_1901-12-16_ed-1_seq-2_ocr.txt
11377,https://chroniclingamerica.loc.gov/lccn/sn90059523/1904-12-18/ed-1/seq-46/ocr.txt,1901,sn90059523_1901-12-18_ed-1_seq-46_ocr.txt
11378,https://chroniclingamerica.loc.gov/lccn/sn83045462/1904-12-17/ed-1/seq-26/ocr.txt,1901,sn83045462_1901-12-17_ed-1_seq-26_ocr.txt
11379,https://chroniclingamerica.loc.gov/lccn/sn93067659/1904-12-14/ed-1/seq-6/ocr.txt,1901,sn93067659_1901-12-14_ed-1_seq-6_ocr.txt
11380,https://chroniclingamerica.loc.gov/lccn/sn83016758/1904-12-08/ed-1/seq-4/ocr.txt,1901,sn83016758_1901-12-08_ed-1_seq-4_ocr.txt
11381,https://chroniclingamerica.loc.gov/lccn/sn83045462/1904-12-17/ed-1/seq-38/ocr.txt,1901,sn83045462_1901-12-17_ed-1_seq-38_ocr.txt
11383,https://chroniclingamerica.loc.gov/lccn/sn86090233/1904-12-08/ed-1/seq-6/ocr.txt,1901,sn86090233_1901-12-08_ed-1_seq-6_ocr.txt
11385,https://chroniclingamerica.loc.gov/lccn/sn90059523/1904-12-11/ed-1/seq-14/ocr.txt,1901,sn90059523_1901-12-11_ed-1_seq-14_ocr.txt
11388,https://chroniclingamerica.loc.gov/lccn/sn83040592/1904-12-08/ed-1/seq-6/ocr.txt,1901,sn83040592_1901-12-08_ed-1_seq-6_ocr.txt
11389,https://chroniclingamerica.loc.gov/lccn/sn90061417/1904-12-09/ed-1/seq-3/ocr.txt,1901,sn90061417_1901-12-09_ed-1_seq-3_ocr.txt
11390,https://chroniclingamerica.loc.gov/lccn/sn91068367/1904-12-09/ed-1/seq-7/ocr.txt,1901,sn91068367_1901-12-09_ed-1_seq-7_ocr.txt
11392,https://chroniclingamerica.loc.gov/lccn/sn88085947/1904-12-19/ed-1/seq-4/ocr.txt,1901,sn88085947_1901-12-19_ed-1_seq-4_ocr.txt
11395,https://chroniclingamerica.loc.gov/lccn/sn98069146/1904-12-09/ed-1/seq-6/ocr.txt,1901,sn98069146_1901-12-09_ed-1_seq-6_ocr.txt
11396,https://chroniclingamerica.loc.gov/lccn/sn84025841/1904-12-10/ed-1/seq-1/ocr.txt,1901,sn84025841_1901-12-10_ed-1_seq-1_ocr.txt
11399,https://chroniclingamerica.loc.gov/lccn/sn85053117/1904-12-15/ed-1/seq-6/ocr.txt,1901,sn85053117_1901-12-15_ed-1_seq-6_ocr.txt
11401,https://chroniclingamerica.loc.gov/lccn/sn83045462/1904-12-08/ed-1/seq-17/ocr.txt,1901,sn83045462_1901-12-08_ed-1_seq-17_ocr.txt
11402,https://chroniclingamerica.loc.gov/lccn/sn85038119/1904-12-15/ed-1/seq-2/ocr.txt,1901,sn85038119_1901-12-15_ed-1_seq-2_ocr.txt
11404,https://chroniclingamerica.loc.gov/lccn/sn88085190/1904-12-10/ed-1/seq-2/ocr.txt,1901,sn88085190_1901-12-10_ed-1_seq-2_ocr.txt
11405,https://chroniclingamerica.loc.gov/lccn/sn84024283/1904-12-08/ed-1/seq-7/ocr.txt,1901,sn84024283_1901-12-08_ed-1_seq-7_ocr.txt
11406,https://chroniclingamerica.loc.gov/lccn/sn93067846/1904-12-14/ed-1/seq-4/ocr.txt,1901,sn93067846_1901-12-14_ed-1_seq-4_ocr.txt
11407,https://chroniclingamerica.loc.gov/lccn/sn98069055/1904-12-09/ed-1/seq-7/ocr.txt,1901,sn98069055_1901-12-09_ed-1_seq-7_ocr.txt
11408,https://chroniclingamerica.loc.gov/lccn/sn96077142/1904-12-10/ed-1/seq-6/ocr.txt,1901,sn96077142_1901-12-10_ed-1_seq-6_ocr.txt
11409,https://chroniclingamerica.loc.gov/lccn/sn85025620/1904-12-09/ed-1/seq-7/ocr.txt,1901,sn85025620_1901-12-09_ed-1_seq-7_ocr.txt
11411,https://chroniclingamerica.loc.gov/lccn/sn89066234/1904-12-10/ed-1/seq-2/ocr.txt,1901,sn89066234_1901-12-10_ed-1_seq-2_ocr.txt
11412,https://chroniclingamerica.loc.gov/lccn/sn84026817/1904-12-14/ed-1/seq-2/ocr.txt,1901,sn84026817_1901-12-14_ed-1_seq-2_ocr.txt
11413,https://chroniclingamerica.loc.gov/lccn/sn89081022/1904-12-07/ed-1/seq-4/ocr.txt,1901,sn89081022_1901-12-07_ed-1_seq-4_ocr.txt
11414,https://chroniclingamerica.loc.gov/lccn/sn89081022/1904-12-07/ed-1/seq-5/ocr.txt,1901,sn89081022_1901-12-07_ed-1_seq-5_ocr.txt
11415,https://chroniclingamerica.loc.gov/lccn/sn90061371/1904-12-07/ed-1/seq-2/ocr.txt,1901,sn90061371_1901-12-07_ed-1_seq-2_ocr.txt
11416,https://chroniclingamerica.loc.gov/lccn/sn84029386/1904-12-08/ed-1/seq-1/ocr.txt,1901,sn84029386_1901-12-08_ed-1_seq-1_ocr.txt
11418,https://chroniclingamerica.loc.gov/lccn/sn85035720/1904-12-21/ed-1/seq-6/ocr.txt,1901,sn85035720_1901-12-21_ed-1_seq-6_ocr.txt
11419,https://chroniclingamerica.loc.gov/lccn/sn84026817/1904-12-21/ed-1/seq-1/ocr.txt,1901,sn84026817_1901-12-21_ed-1_seq-1_ocr.txt
11420,https://chroniclingamerica.loc.gov/lccn/sn90061417/1904-12-09/ed-1/seq-4/ocr.txt,1901,sn90061417_1901-12-09_ed-1_seq-4_ocr.txt
11422,https://chroniclingamerica.loc.gov/lccn/2001063133/1904-12-08/ed-1/seq-2/ocr.txt,1901,2001063133_1901-12-08_ed-1_seq-2_ocr.txt
11423,https://chroniclingamerica.loc.gov/lccn/sn88076095/1904-12-16/ed-1/seq-2/ocr.txt,1901,sn88076095_1901-12-16_ed-1_seq-2_ocr.txt
11424,https://chroniclingamerica.loc.gov/lccn/sn92070464/1904-12-10/ed-1/seq-2/ocr.txt,1901,sn92070464_1901-12-10_ed-1_seq-2_ocr.txt
11428,https://chroniclingamerica.loc.gov/lccn/sn84029696/1904-12-10/ed-1/seq-2/ocr.txt,1901,sn84029696_1901-12-10_ed-1_seq-2_ocr.txt
11430,https://chroniclingamerica.loc.gov/lccn/sn99021999/1904-12-18/ed-1/seq-18/ocr.txt,1901,sn99021999_1901-12-18_ed-1_seq-18_ocr.txt
11433,https://chroniclingamerica.loc.gov/lccn/sn88076341/1904-12-08/ed-1/seq-3/ocr.txt,1901,sn88076341_1901-12-08_ed-1_seq-3_ocr.txt
11434,https://chroniclingamerica.loc.gov/lccn/sn83040592/1904-12-08/ed-1/seq-7/ocr.txt,1901,sn83040592_1901-12-08_ed-1_seq-7_ocr.txt
11436,https://chroniclingamerica.loc.gov/lccn/sn85038153/1904-12-09/ed-1/seq-1/ocr.txt,1901,sn85038153_1901-12-09_ed-1_seq-1_ocr.txt
11438,https://chroniclingamerica.loc.gov/lccn/sn87065195/1904-12-09/ed-1/seq-2/ocr.txt,1901,sn87065195_1901-12-09_ed-1_seq-2_ocr.txt
11439,https://chroniclingamerica.loc.gov/lccn/sn84020358/1904-12-17/ed-1/seq-11/ocr.txt,1901,sn84020358_1901-12-17_ed-1_seq-11_ocr.txt
11440,https://chroniclingamerica.loc.gov/lccn/sn84026824/1904-12-08/ed-1/seq-2/ocr.txt,1901,sn84026824_1901-12-08_ed-1_seq-2_ocr.txt
11444,https://chroniclingamerica.loc.gov/lccn/sn86061215/1904-12-17/ed-1/seq-3/ocr.txt,1901,sn86061215_1901-12-17_ed-1_seq-3_ocr.txt
11445,https://chroniclingamerica.loc.gov/lccn/sn84023296/1904-12-10/ed-1/seq-4/ocr.txt,1901,sn84023296_1901-12-10_ed-1_seq-4_ocr.txt
11446,https://chroniclingamerica.loc.gov/lccn/sn88056095/1904-12-10/ed-1/seq-6/ocr.txt,1901,sn88056095_1901-12-10_ed-1_seq-6_ocr.txt
11447,https://chroniclingamerica.loc.gov/lccn/sn83045396/1904-12-08/ed-1/seq-2/ocr.txt,1901,sn83045396_1901-12-08_ed-1_seq-2_ocr.txt
11448,https://chroniclingamerica.loc.gov/lccn/sn83045366/1904-12-15/ed-1/seq-4/ocr.txt,1901,sn83045366_1901-12-15_ed-1_seq-4_ocr.txt
11449,https://chroniclingamerica.loc.gov/lccn/sn98069146/1904-12-09/ed-1/seq-2/ocr.txt,1901,sn98069146_1901-12-09_ed-1_seq-2_ocr.txt
11450,https://chroniclingamerica.loc.gov/lccn/sn83045366/1904-12-09/ed-1/seq-18/ocr.txt,1901,sn83045366_1901-12-09_ed-1_seq-18_ocr.txt
11451,https://chroniclingamerica.loc.gov/lccn/sn84026688/1904-12-08/ed-1/seq-1/ocr.txt,1901,sn84026688_1901-12-08_ed-1_seq-1_ocr.txt
11452,https://chroniclingamerica.loc.gov/lccn/sn86091135/1904-12-08/ed-1/seq-5/ocr.txt,1901,sn86091135_1901-12-08_ed-1_seq-5_ocr.txt
11453,https://chroniclingamerica.loc.gov/lccn/sn86091197/1904-12-16/ed-1/seq-6/ocr.txt,1901,sn86091197_1901-12-16_ed-1_seq-6_ocr.txt
11456,https://chroniclingamerica.loc.gov/lccn/sn87096040/1904-12-16/ed-1/seq-2/ocr.txt,1901,sn87096040_1901-12-16_ed-1_seq-2_ocr.txt
11457,https://chroniclingamerica.loc.gov/lccn/sn85038161/1904-12-08/ed-1/seq-6/ocr.txt,1901,sn85038161_1901-12-08_ed-1_seq-6_ocr.txt
11460,https://chroniclingamerica.loc.gov/lccn/sn88085947/1904-12-15/ed-1/seq-3/ocr.txt,1901,sn88085947_1901-12-15_ed-1_seq-3_ocr.txt
11464,https://chroniclingamerica.loc.gov/lccn/sn84023963/1904-12-09/ed-1/seq-6/ocr.txt,1901,sn84023963_1901-12-09_ed-1_seq-6_ocr.txt
11465,https://chroniclingamerica.loc.gov/lccn/sn91068245/1904-12-08/ed-1/seq-1/ocr.txt,1901,sn91068245_1901-12-08_ed-1_seq-1_ocr.txt
11467,https://chroniclingamerica.loc.gov/lccn/sn87052181/1904-12-17/ed-1/seq-4/ocr.txt,1901,sn87052181_1901-12-17_ed-1_seq-4_ocr.txt
11468,https://chroniclingamerica.loc.gov/lccn/sn86086852/1904-12-08/ed-1/seq-6/ocr.txt,1901,sn86086852_1901-12-08_ed-1_seq-6_ocr.txt
11469,https://chroniclingamerica.loc.gov/lccn/sn84026749/1904-12-10/ed-1/seq-3/ocr.txt,1901,sn84026749_1901-12-10_ed-1_seq-3_ocr.txt
11470,https://chroniclingamerica.loc.gov/lccn/sn85038615/1904-12-09/ed-1/seq-4/ocr.txt,1901,sn85038615_1901-12-09_ed-1_seq-4_ocr.txt
11473,https://chroniclingamerica.loc.gov/lccn/sn83040052/1904-12-16/ed-1/seq-4/ocr.txt,1901,sn83040052_1901-12-16_ed-1_seq-4_ocr.txt
11474,https://chroniclingamerica.loc.gov/lccn/sn85052076/1904-12-15/ed-1/seq-7/ocr.txt,1901,sn85052076_1901-12-15_ed-1_seq-7_ocr.txt
11476,https://chroniclingamerica.loc.gov/lccn/sn96090259/1904-12-16/ed-1/seq-3/ocr.txt,1901,sn96090259_1901-12-16_ed-1_seq-3_ocr.txt
11477,https://chroniclingamerica.loc.gov/lccn/sn84026749/1904-12-16/ed-1/seq-9/ocr.txt,1901,sn84026749_1901-12-16_ed-1_seq-9_ocr.txt
11481,https://chroniclingamerica.loc.gov/lccn/sn86061215/1904-12-08/ed-1/seq-7/ocr.txt,1901,sn86061215_1901-12-08_ed-1_seq-7_ocr.txt
11482,https://chroniclingamerica.loc.gov/lccn/sn84026749/1904-12-08/ed-1/seq-9/ocr.txt,1901,sn84026749_1901-12-08_ed-1_seq-9_ocr.txt
11485,https://chroniclingamerica.loc.gov/lccn/sn85030529/1904-12-09/ed-1/seq-2/ocr.txt,1901,sn85030529_1901-12-09_ed-1_seq-2_ocr.txt
11486,https://chroniclingamerica.loc.gov/lccn/sn85029677/1904-12-15/ed-1/seq-2/ocr.txt,1901,sn85029677_1901-12-15_ed-1_seq-2_ocr.txt
11487,https://chroniclingamerica.loc.gov/lccn/sn82015485/1904-12-17/ed-1/seq-6/ocr.txt,1901,sn82015485_1901-12-17_ed-1_seq-6_ocr.txt
11488,https://chroniclingamerica.loc.gov/lccn/sn83040052/1904-12-09/ed-1/seq-6/ocr.txt,1901,sn83040052_1901-12-09_ed-1_seq-6_ocr.txt
11489,https://chroniclingamerica.loc.gov/lccn/sn84029853/1904-12-08/ed-1/seq-6/ocr.txt,1901,sn84029853_1901-12-08_ed-1_seq-6_ocr.txt
11490,https://chroniclingamerica.loc.gov/lccn/sn89066620/1904-12-15/ed-1/seq-6/ocr.txt,1901,sn89066620_1901-12-15_ed-1_seq-6_ocr.txt
11491,https://chroniclingamerica.loc.gov/lccn/sn89067273/1904-12-15/ed-1/seq-6/ocr.txt,1901,sn89067273_1901-12-15_ed-1_seq-6_ocr.txt
11492,https://chroniclingamerica.loc.gov/lccn/sn90061663/1904-12-08/ed-1/seq-6/ocr.txt,1901,sn90061663_1901-12-08_ed-1_seq-6_ocr.txt
11494,https://chroniclingamerica.loc.gov/lccn/sn93067841/1904-12-15/ed-1/seq-7/ocr.txt,1901,sn93067841_1901-12-15_ed-1_seq-7_ocr.txt
11495,https://chroniclingamerica.loc.gov/lccn/sn86091197/1904-12-16/ed-1/seq-2/ocr.txt,1901,sn86091197_1901-12-16_ed-1_seq-2_ocr.txt
11497,https://chroniclingamerica.loc.gov/lccn/sn85030287/1904-12-08/ed-1/seq-3/ocr.txt,1901,sn85030287_1901-12-08_ed-1_seq-3_ocr.txt
11498,https://chroniclingamerica.loc.gov/lccn/sn84026749/1904-12-07/ed-1/seq-10/ocr.txt,1901,sn84026749_1901-12-07_ed-1_seq-10_ocr.txt
11499,https://chroniclingamerica.loc.gov/lccn/sn86069873/1904-12-09/ed-1/seq-3/ocr.txt,1901,sn86069873_1901-12-09_ed-1_seq-3_ocr.txt
11500,https://chroniclingamerica.loc.gov/lccn/sn82016014/1904-12-20/ed-1/seq-3/ocr.txt,1901,sn82016014_1901-12-20_ed-1_seq-3_ocr.txt
11501,https://chroniclingamerica.loc.gov/lccn/sn86063790/1904-12-08/ed-1/seq-6/ocr.txt,1901,sn86063790_1901-12-08_ed-1_seq-6_ocr.txt
11504,https://chroniclingamerica.loc.gov/lccn/sn85049554/1904-12-08/ed-1/seq-4/ocr.txt,1901,sn85049554_1901-12-08_ed-1_seq-4_ocr.txt
11505,https://chroniclingamerica.loc.gov/lccn/sn89066695/1904-12-08/ed-1/seq-2/ocr.txt,1901,sn89066695_1901-12-08_ed-1_seq-2_ocr.txt
11507,https://chroniclingamerica.loc.gov/lccn/sn87056244/1904-12-08/ed-1/seq-2/ocr.txt,1901,sn87056244_1901-12-08_ed-1_seq-2_ocr.txt
11509,https://chroniclingamerica.loc.gov/lccn/sn84036228/1904-12-14/ed-1/seq-1/ocr.txt,1901,sn84036228_1901-12-14_ed-1_seq-1_ocr.txt
11511,https://chroniclingamerica.loc.gov/lccn/sn86090270/1904-12-07/ed-1/seq-2/ocr.txt,1901,sn86090270_1901-12-07_ed-1_seq-2_ocr.txt
11513,https://chroniclingamerica.loc.gov/lccn/sn85052076/1904-12-08/ed-1/seq-3/ocr.txt,1901,sn85052076_1901-12-08_ed-1_seq-3_ocr.txt
