TxtURL		
https://www.newspapers.com/newspage/122553417/		
https://www.newspapers.com/newspage/257980611/		
https://www.newspapers.com/newspage/419740131/		
https://www.newspapers.com/newspage/419742425/		
https://www.newspapers.com/newspage/419745300/		
https://www.newspapers.com/newspage/456131076/		
https://www.newspapers.com/newspage/257984386/		
https://www.newspapers.com/newspage/33186803/		 
https://www.newspapers.com/newspage/33182054/		
https://www.newspapers.com/newspage/419740366/		
https://www.newspapers.com/newspage/45734539/		
https://www.newspapers.com/newspage/62958071/		
https://www.newspapers.com/newspage/456084548/		
https://www.newspapers.com/newspage/257985211/		
https://www.newspapers.com/newspage/62958034/		
https://www.newspapers.com/newspage/62958504/		
https://www.newspapers.com/newspage/419797775/		
https://www.newspapers.com/newspage/258043195/		
https://www.newspapers.com/newspage/257981023/		
https://www.newspapers.com/newspage/419740718/		
https://www.newspapers.com/newspage/456084965/		
https://www.newspapers.com/newspage/45905982/		
https://www.newspapers.com/newspage/258017345/		
https://www.newspapers.com/newspage/419740897/		
https://www.newspapers.com/newspage/122552606/		
https://www.newspapers.com/newspage/456120279/		
https://www.newspapers.com/newspage/456086608/		
https://www.newspapers.com/newspage/45916002/		
https://www.newspapers.com/newspage/456130138/		
https://www.newspapers.com/newspage/419747173/		
https://www.newspapers.com/newspage/62958111/		
https://www.newspapers.com/newspage/257980195/		
https://www.newspapers.com/newspage/122553417/		
https://www.newspapers.com/newspage/419742074/		
https://www.newspapers.com/newspage/257984788/		
https://www.newspapers.com/newspage/257984751/		
https://www.newspapers.com/newspage/36456038/		
https://www.newspapers.com/newspage/419742607/		
https://www.newspapers.com/newspage/456089020/		
https://www.newspapers.com/newspage/419741279/		
https://www.newspapers.com/newspage/419804448/		
https://www.newspapers.com/newspage/257980557/		
https://www.newspapers.com/newspage/122553040/		
https://www.newspapers.com/newspage/122552621/		
https://www.newspapers.com/newspage/122554525/		
https://www.newspapers.com/newspage/122552576/		
https://www.newspapers.com/newspage/33182148/		
https://www.newspapers.com/newspage/33186294/		
https://www.newspapers.com/newspage/62958066/		
https://www.newspapers.com/newspage/419803807/		
https://www.newspapers.com/newspage/456086975/		
https://www.newspapers.com/newspage/419804826/		
https://www.newspapers.com/newspage/122552836/		
https://www.newspapers.com/newspage/257986560/		
https://www.newspapers.com/newspage/456084114/		
https://www.newspapers.com/newspage/456131955/		
https://www.newspapers.com/newspage/33182793/		
https://www.newspapers.com/newspage/419745786/		
https://www.newspapers.com/newspage/456086383/		
https://www.newspapers.com/newspage/36454083/		
https://www.newspapers.com/newspage/456133357/		
https://www.newspapers.com/newspage/43179010/		
https://www.newspapers.com/newspage/33190785/		
https://www.newspapers.com/newspage/36460130/		
https://www.newspapers.com/newspage/419745030/		
https://www.newspapers.com/newspage/122552692/		
https://www.newspapers.com/newspage/33186105/		
https://www.newspapers.com/newspage/257980224/		
https://www.newspapers.com/newspage/419740681/		
https://www.newspapers.com/newspage/33186005/		
https://www.newspapers.com/newspage/62054848/		
https://www.newspapers.com/newspage/257985612/		
https://www.newspapers.com/newspage/43180092/		
https://www.newspapers.com/newspage/419792127/		
https://www.newspapers.com/newspage/33183541/		
https://www.newspapers.com/newspage/45733737/		
https://www.newspapers.com/newspage/33172694/		
https://www.newspapers.com/newspage/419744658/		
https://www.newspapers.com/newspage/456085000/		
https://www.newspapers.com/newspage/33164149/		
https://www.newspapers.com/newspage/33187157/		
https://www.newspapers.com/newspage/45914362/		
https://www.newspapers.com/newspage/481416276/		
https://www.newspapers.com/newspage/122483710/		
https://www.newspapers.com/newspage/46106179/		
https://www.newspapers.com/newspage/456142082/		
https://www.newspapers.com/newspage/33188650/		
https://www.newspapers.com/newspage/46106281/		
https://www.newspapers.com/newspage/258058119/		
https://www.newspapers.com/newspage/456134441/		
https://www.newspapers.com/newspage/419744084/		
https://www.newspapers.com/newspage/419746658/		
https://www.newspapers.com/newspage/419807929/		
https://www.newspapers.com/newspage/45724922/		
https://www.newspapers.com/newspage/419805814/		
https://www.newspapers.com/newspage/62958094/		
https://www.newspapers.com/newspage/257993906/		
https://www.newspapers.com/newspage/36453432/		
https://www.newspapers.com/newspage/43179930/		
https://www.newspapers.com/newspage/122552834/		
https://www.newspapers.com/newspage/258017598/		
https://www.newspapers.com/newspage/478893163/		
https://www.newspapers.com/newspage/122552749/		
https://www.newspapers.com/newspage/33188998/		
https://www.newspapers.com/newspage/258044083/		
https://www.newspapers.com/newspage/122552988/		
https://www.newspapers.com/newspage/325697327/		
https://www.newspapers.com/newspage/419864834/		
https://www.newspapers.com/newspage/456087398/		
https://www.newspapers.com/newspage/122483733/		
https://www.newspapers.com/newspage/46106194/		
https://www.newspapers.com/newspage/257987450/		
https://www.newspapers.com/newspage/62958026/		
https://www.newspapers.com/newspage/122484476/		
https://www.newspapers.com/newspage/325697355/		
https://www.newspapers.com/newspage/36453827/		
https://www.newspapers.com/newspage/45732665/		
https://www.newspapers.com/newspage/257980287/		
https://www.newspapers.com/newspage/419739908/		
https://www.newspapers.com/newspage/122552751/		
https://www.newspapers.com/newspage/456128592/		
https://www.newspapers.com/newspage/45728274/		
https://www.newspapers.com/newspage/456087970/		
https://www.newspapers.com/newspage/456135998/		
https://www.newspapers.com/newspage/456136836/		
https://www.newspapers.com/newspage/456136691/		
https://www.newspapers.com/newspage/456089739/		
https://www.newspapers.com/newspage/33173001/		
https://www.newspapers.com/newspage/62958065/		
https://www.newspapers.com/newspage/45912493/		
https://www.newspapers.com/newspage/33183763/		
https://www.newspapers.com/newspage/33177936/		
https://www.newspapers.com/newspage/33169113/		
https://www.newspapers.com/newspage/32616867/		
https://www.newspapers.com/newspage/257980936/		
https://www.newspapers.com/newspage/257979088/		
https://www.newspapers.com/newspage/36453886/		
https://www.newspapers.com/newspage/257987838/		
https://www.newspapers.com/newspage/33187706/		
https://www.newspapers.com/newspage/325697092/		
https://www.newspapers.com/newspage/456128387/		
https://www.newspapers.com/newspage/45728424/		
https://www.newspapers.com/newspage/32617463/		
https://www.newspapers.com/newspage/257988257/		
https://www.newspapers.com/newspage/257987072/		
https://www.newspapers.com/newspage/45743513/		
https://www.newspapers.com/newspage/456088556/		
https://www.newspapers.com/newspage/325697417/		
https://www.newspapers.com/newspage/46105900/		
https://www.newspapers.com/newspage/62957974/		
https://www.newspapers.com/newspage/33192156/		
https://www.newspapers.com/newspage/45735042/		
https://www.newspapers.com/newspage/62054815/		
https://www.newspapers.com/newspage/122552676/		
